"date","fieldName","sectorName","irrigation"
"2020-05-07 00:00:00","Fondo ERRANO","T0",0
"2020-05-08 00:00:00","Fondo ERRANO","T0",8.41864
"2020-05-09 00:00:00","Fondo ERRANO","T0",5.92576
"2020-05-10 00:00:00","Fondo ERRANO","T0",0
"2020-05-11 00:00:00","Fondo ERRANO","T0",10.40016
"2020-05-12 00:00:00","Fondo ERRANO","T0",0
"2020-05-13 00:00:00","Fondo ERRANO","T0",0
"2020-05-14 00:00:00","Fondo ERRANO","T0",0
"2020-05-15 00:00:00","Fondo ERRANO","T0",0
"2020-05-16 00:00:00","Fondo ERRANO","T0",6.51608
"2020-05-17 00:00:00","Fondo ERRANO","T0",0.00188
"2020-05-18 00:00:00","Fondo ERRANO","T0",0.00376
"2020-05-19 00:00:00","Fondo ERRANO","T0",4.22436
"2020-05-20 00:00:00","Fondo ERRANO","T0",0.01128
"2020-05-21 00:00:00","Fondo ERRANO","T0",3.51372
"2020-05-22 00:00:00","Fondo ERRANO","T0",0
"2020-05-23 00:00:00","Fondo ERRANO","T0",4.38416
"2020-05-24 00:00:00","Fondo ERRANO","T0",0
"2020-05-25 00:00:00","Fondo ERRANO","T0",7.5576
"2020-05-26 00:00:00","Fondo ERRANO","T0",0
"2020-05-27 00:00:00","Fondo ERRANO","T0",16.08152
"2020-05-28 00:00:00","Fondo ERRANO","T0",0
"2020-05-29 00:00:00","Fondo ERRANO","T0",0.05076
"2020-05-30 00:00:00","Fondo ERRANO","T0",0
"2020-05-31 00:00:00","Fondo ERRANO","T0",0
"2020-06-01 00:00:00","Fondo ERRANO","T0",10.40392
"2020-06-02 00:00:00","Fondo ERRANO","T0",0
"2020-06-03 00:00:00","Fondo ERRANO","T0",0
"2020-06-04 00:00:00","Fondo ERRANO","T0",0.01504
"2020-06-05 00:00:00","Fondo ERRANO","T0",11.82144
"2020-06-06 00:00:00","Fondo ERRANO","T0",0.00376
"2020-06-07 00:00:00","Fondo ERRANO","T0",11.62968
"2020-06-08 00:00:00","Fondo ERRANO","T0",0.07896
"2020-06-09 00:00:00","Fondo ERRANO","T0",0
"2020-06-10 00:00:00","Fondo ERRANO","T0",0
"2020-06-11 00:00:00","Fondo ERRANO","T0",0.02256
"2020-06-12 00:00:00","Fondo ERRANO","T0",0
"2020-06-13 00:00:00","Fondo ERRANO","T0",16.14544
"2020-06-14 00:00:00","Fondo ERRANO","T0",0
"2020-06-15 00:00:00","Fondo ERRANO","T0",12.47756
"2020-06-16 00:00:00","Fondo ERRANO","T0",0.00752
"2020-06-17 00:00:00","Fondo ERRANO","T0",9.24584
"2020-06-18 00:00:00","Fondo ERRANO","T0",9.90008
"2020-06-19 00:00:00","Fondo ERRANO","T0",8.86232
"2020-06-20 00:00:00","Fondo ERRANO","T0",14.03232
"2020-06-21 00:00:00","Fondo ERRANO","T0",11.99816
"2020-06-22 00:00:00","Fondo ERRANO","T0",10.87016
"2020-06-23 00:00:00","Fondo ERRANO","T0",15.21672
"2020-06-24 00:00:00","Fondo ERRANO","T0",14.6828
"2020-06-25 00:00:00","Fondo ERRANO","T0",19.09236
"2020-06-26 00:00:00","Fondo ERRANO","T0",26.0226
"2020-06-27 00:00:00","Fondo ERRANO","T0",26.0958
"2020-06-28 00:00:00","Fondo ERRANO","T0",23.706
"2020-06-29 00:00:00","Fondo ERRANO","T0",23.526
"2020-06-30 00:00:00","Fondo ERRANO","T0",24.654
"2020-07-01 00:00:00","Fondo ERRANO","T0",26.574
"2020-07-02 00:00:00","Fondo ERRANO","T0",24.51
"2020-07-03 00:00:00","Fondo ERRANO","T0",21.876
"2020-07-04 00:00:00","Fondo ERRANO","T0",29.748
"2020-07-05 00:00:00","Fondo ERRANO","T0",25.746
"2020-07-06 00:00:00","Fondo ERRANO","T0",21.612
"2020-07-07 00:00:00","Fondo ERRANO","T0",22.632
"2020-07-08 00:00:00","Fondo ERRANO","T0",20.814
"2020-07-09 00:00:00","Fondo ERRANO","T0",24.204
"2020-07-10 00:00:00","Fondo ERRANO","T0",19.332
"2020-07-11 00:00:00","Fondo ERRANO","T0",11.673
"2020-07-12 00:00:00","Fondo ERRANO","T0",12.024
"2020-07-13 00:00:00","Fondo ERRANO","T0",11.034
"2020-07-14 00:00:00","Fondo ERRANO","T0",11.502
"2020-07-15 00:00:00","Fondo ERRANO","T0",10.89
"2020-07-16 00:00:00","Fondo ERRANO","T0",3.486
"2020-07-17 00:00:00","Fondo ERRANO","T0",3.456
"2020-07-18 00:00:00","Fondo ERRANO","T0",7.617
"2020-07-19 00:00:00","Fondo ERRANO","T0",9.273
"2020-07-20 00:00:00","Fondo ERRANO","T0",8.508
"2020-07-21 00:00:00","Fondo ERRANO","T0",2.574
"2020-07-22 00:00:00","Fondo ERRANO","T0",3.579
"2020-07-23 00:00:00","Fondo ERRANO","T0",8.946
"2020-07-24 00:00:00","Fondo ERRANO","T0",8.295
"2020-07-25 00:00:00","Fondo ERRANO","T0",0.003
"2020-07-26 00:00:00","Fondo ERRANO","T0",9.057
"2020-07-27 00:00:00","Fondo ERRANO","T0",8.601
"2020-07-28 00:00:00","Fondo ERRANO","T0",10.494
"2020-07-29 00:00:00","Fondo ERRANO","T0",10.23
"2020-07-30 00:00:00","Fondo ERRANO","T0",13.509
"2020-07-31 00:00:00","Fondo ERRANO","T0",12.894
"2020-08-01 00:00:00","Fondo ERRANO","T0",11.517
"2020-08-02 00:00:00","Fondo ERRANO","T0",5.091
"2020-08-03 00:00:00","Fondo ERRANO","T0",11.508
"2020-08-04 00:00:00","Fondo ERRANO","T0",2.127
"2020-08-05 00:00:00","Fondo ERRANO","T0",0.015
"2020-08-06 00:00:00","Fondo ERRANO","T0",0
"2020-08-07 00:00:00","Fondo ERRANO","T0",0
"2020-08-08 00:00:00","Fondo ERRANO","T0",5.727
"2020-08-09 00:00:00","Fondo ERRANO","T0",5.181
"2020-08-10 00:00:00","Fondo ERRANO","T0",9.36
"2020-08-11 00:00:00","Fondo ERRANO","T0",2.298
"2020-08-12 00:00:00","Fondo ERRANO","T0",12.042
"2020-08-13 00:00:00","Fondo ERRANO","T0",4.968
"2020-08-14 00:00:00","Fondo ERRANO","T0",14.016
"2020-08-15 00:00:00","Fondo ERRANO","T0",9.828
"2020-08-16 00:00:00","Fondo ERRANO","T0",11.166
"2020-08-17 00:00:00","Fondo ERRANO","T0",10.968
"2020-08-18 00:00:00","Fondo ERRANO","T0",5.787
"2020-08-19 00:00:00","Fondo ERRANO","T0",0
"2020-08-20 00:00:00","Fondo ERRANO","T0",0
"2020-08-21 00:00:00","Fondo ERRANO","T0",8.61
"2020-08-22 00:00:00","Fondo ERRANO","T0",11.508
"2020-08-23 00:00:00","Fondo ERRANO","T0",12.933
"2020-08-24 00:00:00","Fondo ERRANO","T0",4.158
"2020-08-25 00:00:00","Fondo ERRANO","T0",3.66
"2020-08-26 00:00:00","Fondo ERRANO","T0",4.116
"2020-08-27 00:00:00","Fondo ERRANO","T0",8.856
"2020-08-28 00:00:00","Fondo ERRANO","T0",14.415
"2020-08-29 00:00:00","Fondo ERRANO","T0",14.199
"2020-08-30 00:00:00","Fondo ERRANO","T0",1.14
"2020-08-31 00:00:00","Fondo ERRANO","T0",8.982
"2020-09-01 00:00:00","Fondo ERRANO","T0",0
"2020-09-02 00:00:00","Fondo ERRANO","T0",9.96
"2020-09-03 00:00:00","Fondo ERRANO","T0",9.402
"2020-09-04 00:00:00","Fondo ERRANO","T0",9.636
"2020-09-05 00:00:00","Fondo ERRANO","T0",10.497
"2020-09-06 00:00:00","Fondo ERRANO","T0",10.119
"2020-09-07 00:00:00","Fondo ERRANO","T0",8.679
"2020-09-08 00:00:00","Fondo ERRANO","T0",7.209
"2020-09-09 00:00:00","Fondo ERRANO","T0",8.574
"2020-09-10 00:00:00","Fondo ERRANO","T0",8.58
"2020-09-11 00:00:00","Fondo ERRANO","T0",10.722
"2020-09-12 00:00:00","Fondo ERRANO","T0",10.551
"2020-09-13 00:00:00","Fondo ERRANO","T0",10.269
"2020-09-14 00:00:00","Fondo ERRANO","T0",10.359
"2020-09-15 00:00:00","Fondo ERRANO","T0",9.402
"2020-09-16 00:00:00","Fondo ERRANO","T0",10.194
"2020-09-17 00:00:00","Fondo ERRANO","T0",4.743
"2020-09-18 00:00:00","Fondo ERRANO","T0",10.542
"2020-09-19 00:00:00","Fondo ERRANO","T0",2.667
"2020-09-20 00:00:00","Fondo ERRANO","T0",11.412
"2020-09-21 00:00:00","Fondo ERRANO","T0",1.407
"2020-09-22 00:00:00","Fondo ERRANO","T0",7.326
"2020-09-23 00:00:00","Fondo ERRANO","T0",10.278
"2020-09-24 00:00:00","Fondo ERRANO","T0",7.8
"2020-09-25 00:00:00","Fondo ERRANO","T0",0.012
"2020-09-26 00:00:00","Fondo ERRANO","T0",5.385
"2020-09-27 00:00:00","Fondo ERRANO","T0",0.003
"2020-09-28 00:00:00","Fondo ERRANO","T0",0
"2020-09-29 00:00:00","Fondo ERRANO","T0",0
"2020-09-30 00:00:00","Fondo ERRANO","T0",0
"2020-10-01 00:00:00","Fondo ERRANO","T0",0
"2020-10-02 00:00:00","Fondo ERRANO","T0",0
"2020-10-03 00:00:00","Fondo ERRANO","T0",0.009
"2020-10-04 00:00:00","Fondo ERRANO","T0",0
"2020-10-05 00:00:00","Fondo ERRANO","T0",6.765
"2020-10-06 00:00:00","Fondo ERRANO","T0",0.003
"2020-10-07 00:00:00","Fondo ERRANO","T0",1.77
"2020-10-08 00:00:00","Fondo ERRANO","T0",0.003
"2020-10-09 00:00:00","Fondo ERRANO","T0",4.833
"2020-10-10 00:00:00","Fondo ERRANO","T0",0
"2020-10-11 00:00:00","Fondo ERRANO","T0",0.003
"2020-10-17 00:00:00","Fondo ERRANO","T0",0
"2020-10-18 00:00:00","Fondo ERRANO","T0",0
"2020-10-19 00:00:00","Fondo ERRANO","T0",0.003
"2020-10-20 00:00:00","Fondo ERRANO","T0",0
"2020-10-21 00:00:00","Fondo ERRANO","T0",0
"2020-10-22 00:00:00","Fondo ERRANO","T0",0
"2020-10-23 00:00:00","Fondo ERRANO","T0",0
"2020-10-24 00:00:00","Fondo ERRANO","T0",0
"2020-10-25 00:00:00","Fondo ERRANO","T0",0
"2020-10-26 00:00:00","Fondo ERRANO","T0",0
"2020-10-27 00:00:00","Fondo ERRANO","T0",0.006
"2020-10-28 00:00:00","Fondo ERRANO","T0",3.951
"2020-10-29 00:00:00","Fondo ERRANO","T0",0
"2020-10-30 00:00:00","Fondo ERRANO","T0",0
"2020-10-31 00:00:00","Fondo ERRANO","T0",0
"2020-11-01 00:00:00","Fondo ERRANO","T0",0
"2020-11-02 00:00:00","Fondo ERRANO","T0",0
"2020-11-03 00:00:00","Fondo ERRANO","T0",0
"2020-11-04 00:00:00","Fondo ERRANO","T0",0
"2020-11-05 00:00:00","Fondo ERRANO","T0",0
"2020-11-06 00:00:00","Fondo ERRANO","T0",0
"2020-11-07 00:00:00","Fondo ERRANO","T0",0
"2020-11-08 00:00:00","Fondo ERRANO","T0",0
"2020-11-09 00:00:00","Fondo ERRANO","T0",0
"2020-11-10 00:00:00","Fondo ERRANO","T0",2.292
"2020-11-11 00:00:00","Fondo ERRANO","T0",0
"2020-11-12 00:00:00","Fondo ERRANO","T0",0
"2020-11-13 00:00:00","Fondo ERRANO","T0",0
"2020-11-14 00:00:00","Fondo ERRANO","T0",0
"2020-11-15 00:00:00","Fondo ERRANO","T0",0
"2020-11-16 00:00:00","Fondo ERRANO","T0",0.006
"2020-11-17 00:00:00","Fondo ERRANO","T0",0.009
"2020-11-18 00:00:00","Fondo ERRANO","T0",0
"2020-11-19 00:00:00","Fondo ERRANO","T0",0
"2020-11-20 00:00:00","Fondo ERRANO","T0",0
"2020-11-24 00:00:00","Fondo ERRANO","T0",0
"2020-11-25 00:00:00","Fondo ERRANO","T0",0
"2020-11-26 00:00:00","Fondo ERRANO","T0",0
"2020-11-27 00:00:00","Fondo ERRANO","T0",0
"2020-11-28 00:00:00","Fondo ERRANO","T0",0
"2020-11-29 00:00:00","Fondo ERRANO","T0",0
"2020-11-30 00:00:00","Fondo ERRANO","T0",0.003
"2020-12-01 00:00:00","Fondo ERRANO","T0",0.009
"2020-12-02 00:00:00","Fondo ERRANO","T0",0.135
"2020-12-03 00:00:00","Fondo ERRANO","T0",0.012
"2020-12-04 00:00:00","Fondo ERRANO","T0",0
"2020-12-05 00:00:00","Fondo ERRANO","T0",0.069
"2020-12-06 00:00:00","Fondo ERRANO","T0",0.027
"2020-12-07 00:00:00","Fondo ERRANO","T0",0.003
"2020-12-08 00:00:00","Fondo ERRANO","T0",0
"2020-12-09 00:00:00","Fondo ERRANO","T0",0.051
"2020-12-10 00:00:00","Fondo ERRANO","T0",0.003
"2020-12-11 00:00:00","Fondo ERRANO","T0",0
"2020-12-12 00:00:00","Fondo ERRANO","T0",0
"2020-12-13 00:00:00","Fondo ERRANO","T0",0
"2020-12-14 00:00:00","Fondo ERRANO","T0",0
"2020-12-15 00:00:00","Fondo ERRANO","T0",0
"2020-12-16 00:00:00","Fondo ERRANO","T0",0
"2020-12-17 00:00:00","Fondo ERRANO","T0",0
"2020-12-18 00:00:00","Fondo ERRANO","T0",0
"2020-12-19 00:00:00","Fondo ERRANO","T0",0
"2020-12-20 00:00:00","Fondo ERRANO","T0",0
"2020-12-21 00:00:00","Fondo ERRANO","T0",0
"2020-12-22 00:00:00","Fondo ERRANO","T0",0
"2020-12-23 00:00:00","Fondo ERRANO","T0",0.006
"2020-12-24 00:00:00","Fondo ERRANO","T0",0.009
"2020-12-25 00:00:00","Fondo ERRANO","T0",0
"2020-12-26 00:00:00","Fondo ERRANO","T0",0.333
"2020-12-27 00:00:00","Fondo ERRANO","T0",0
"2020-12-28 00:00:00","Fondo ERRANO","T0",0.036
"2020-12-29 00:00:00","Fondo ERRANO","T0",0.027
"2020-12-30 00:00:00","Fondo ERRANO","T0",0.009
"2020-12-31 00:00:00","Fondo ERRANO","T0",0
"2021-01-01 00:00:00","Fondo ERRANO","T0",0.009
"2021-01-02 00:00:00","Fondo ERRANO","T0",0.006
"2021-01-03 00:00:00","Fondo ERRANO","T0",0.003
"2021-01-04 00:00:00","Fondo ERRANO","T0",0
"2021-01-05 00:00:00","Fondo ERRANO","T0",0.027
"2021-01-06 00:00:00","Fondo ERRANO","T0",0
"2021-01-07 00:00:00","Fondo ERRANO","T0",0
"2021-01-08 00:00:00","Fondo ERRANO","T0",0
"2021-01-09 00:00:00","Fondo ERRANO","T0",0
"2021-01-10 00:00:00","Fondo ERRANO","T0",0.021
"2021-01-11 00:00:00","Fondo ERRANO","T0",0
"2021-01-12 00:00:00","Fondo ERRANO","T0",0
"2021-01-13 00:00:00","Fondo ERRANO","T0",0
"2021-01-14 00:00:00","Fondo ERRANO","T0",0
"2021-01-15 00:00:00","Fondo ERRANO","T0",0
"2021-01-16 00:00:00","Fondo ERRANO","T0",0
"2021-01-17 00:00:00","Fondo ERRANO","T0",0
"2021-01-18 00:00:00","Fondo ERRANO","T0",0
"2021-01-19 00:00:00","Fondo ERRANO","T0",0
"2021-01-20 00:00:00","Fondo ERRANO","T0",0
"2021-01-21 00:00:00","Fondo ERRANO","T0",0.006
"2021-01-22 00:00:00","Fondo ERRANO","T0",0.012
"2021-01-23 00:00:00","Fondo ERRANO","T0",0.006
"2021-01-24 00:00:00","Fondo ERRANO","T0",0.054
"2021-01-25 00:00:00","Fondo ERRANO","T0",0
"2021-01-26 00:00:00","Fondo ERRANO","T0",0.003
"2021-01-27 00:00:00","Fondo ERRANO","T0",0
"2021-01-28 00:00:00","Fondo ERRANO","T0",0
"2021-01-29 00:00:00","Fondo ERRANO","T0",0
"2021-01-30 00:00:00","Fondo ERRANO","T0",0.003
"2021-01-31 00:00:00","Fondo ERRANO","T0",0.006
"2021-02-01 00:00:00","Fondo ERRANO","T0",0
"2021-02-02 00:00:00","Fondo ERRANO","T0",0.003
"2021-02-03 00:00:00","Fondo ERRANO","T0",0
"2021-02-04 00:00:00","Fondo ERRANO","T0",0
"2021-02-05 00:00:00","Fondo ERRANO","T0",0
"2021-02-06 00:00:00","Fondo ERRANO","T0",0
"2021-02-07 00:00:00","Fondo ERRANO","T0",0
"2021-02-08 00:00:00","Fondo ERRANO","T0",0
"2021-02-09 00:00:00","Fondo ERRANO","T0",0.024
"2021-02-10 00:00:00","Fondo ERRANO","T0",0
"2021-02-11 00:00:00","Fondo ERRANO","T0",0
"2021-02-12 00:00:00","Fondo ERRANO","T0",0.042
"2021-02-13 00:00:00","Fondo ERRANO","T0",0.018
"2021-02-14 00:00:00","Fondo ERRANO","T0",0.012
"2021-02-15 00:00:00","Fondo ERRANO","T0",0
"2021-02-16 00:00:00","Fondo ERRANO","T0",0
"2021-02-17 00:00:00","Fondo ERRANO","T0",0
"2021-02-18 00:00:00","Fondo ERRANO","T0",0
"2021-02-19 00:00:00","Fondo ERRANO","T0",0
"2021-02-20 00:00:00","Fondo ERRANO","T0",0
"2021-02-21 00:00:00","Fondo ERRANO","T0",0
"2021-02-22 00:00:00","Fondo ERRANO","T0",0
"2021-02-23 00:00:00","Fondo ERRANO","T0",0
"2021-02-24 00:00:00","Fondo ERRANO","T0",0
"2021-02-25 00:00:00","Fondo ERRANO","T0",0
"2021-02-26 00:00:00","Fondo ERRANO","T0",0
"2021-02-27 00:00:00","Fondo ERRANO","T0",0
"2021-02-28 00:00:00","Fondo ERRANO","T0",0
"2021-03-01 00:00:00","Fondo ERRANO","T0",0
"2021-03-02 00:00:00","Fondo ERRANO","T0",0
"2021-03-03 00:00:00","Fondo ERRANO","T0",0
"2021-03-04 00:00:00","Fondo ERRANO","T0",0
"2021-03-26 00:00:00","Fondo Errano 2021","T0",0
"2021-03-27 00:00:00","Fondo Errano 2021","T0",0
"2021-04-01 00:00:00","Fondo ERRANO","T0",0
"2021-04-02 00:00:00","Fondo ERRANO","T0",0
"2021-04-03 00:00:00","Fondo ERRANO","T0",0
"2021-04-04 00:00:00","Fondo ERRANO","T0",0
"2021-04-05 00:00:00","Fondo ERRANO","T0",0
"2021-04-06 00:00:00","Fondo ERRANO","T0",0
"2021-04-07 00:00:00","Fondo ERRANO","T0",0
"2021-04-08 00:00:00","Fondo ERRANO","T0",0
"2021-04-09 00:00:00","Fondo ERRANO","T0",0
"2021-04-10 00:00:00","Fondo ERRANO","T0",0
"2021-04-11 00:00:00","Fondo ERRANO","T0",0
"2021-04-12 00:00:00","Fondo ERRANO","T0",0
"2021-04-13 00:00:00","Fondo ERRANO","T0",0
"2021-04-14 00:00:00","Fondo ERRANO","T0",0
"2021-04-15 00:00:00","Fondo ERRANO","T0",0
"2021-04-16 00:00:00","Fondo ERRANO","T0",0
"2021-04-17 00:00:00","Fondo ERRANO","T0",0
"2021-04-18 00:00:00","Fondo ERRANO","T0",0
"2021-04-19 00:00:00","Fondo ERRANO","T0",2.46476
"2021-04-20 00:00:00","Fondo ERRANO","T0",0
"2021-04-21 00:00:00","Fondo ERRANO","T0",0
"2021-04-22 00:00:00","Fondo ERRANO","T0",0
"2021-04-23 00:00:00","Fondo ERRANO","T0",0
"2021-04-24 00:00:00","Fondo ERRANO","T0",0
"2021-04-25 00:00:00","Fondo ERRANO","T0",4.11424
"2021-04-26 00:00:00","Fondo ERRANO","T0",0
"2021-04-27 00:00:00","Fondo ERRANO","T0",0
"2021-04-28 00:00:00","Fondo ERRANO","T0",0.00516
"2021-04-29 00:00:00","Fondo ERRANO","T0",9.17964
"2021-04-30 00:00:00","Fondo ERRANO","T0",0
"2021-05-01 00:00:00","Fondo ERRANO","T0",0
"2021-05-02 00:00:00","Fondo ERRANO","T0",0
"2021-05-03 00:00:00","Fondo ERRANO","T0",7.36848
"2021-05-04 00:00:00","Fondo ERRANO","T0",0
"2021-05-05 00:00:00","Fondo ERRANO","T0",0
"2021-05-06 00:00:00","Fondo ERRANO","T0",10.67604
"2021-05-07 00:00:00","Fondo ERRANO","T0",0
"2021-05-08 00:00:00","Fondo ERRANO","T0",0
"2021-05-09 00:00:00","Fondo ERRANO","T0",0
"2021-05-10 00:00:00","Fondo ERRANO","T0",6.21264
"2021-05-11 00:00:00","Fondo ERRANO","T0",0
"2021-05-12 00:00:00","Fondo ERRANO","T0",0
"2021-05-13 00:00:00","Fondo ERRANO","T0",9.45828
"2021-05-14 00:00:00","Fondo ERRANO","T0",0
"2021-05-15 00:00:00","Fondo ERRANO","T0",0
"2021-05-16 00:00:00","Fondo ERRANO","T0",0
"2021-05-17 00:00:00","Fondo ERRANO","T0",0
"2021-05-18 00:00:00","Fondo ERRANO","T0",8.32824
"2021-05-19 00:00:00","Fondo ERRANO","T0",0.00516
"2021-05-20 00:00:00","Fondo ERRANO","T0",0
"2021-05-21 00:00:00","Fondo ERRANO","T0",8.6688
"2021-05-21 00:00:00","Fondo Errano_T0_2021","T0",0
"2021-05-22 00:00:00","Fondo Errano_T0_2021","T0",0
"2021-05-22 00:00:00","Fondo ERRANO","T0",0.00516
"2021-05-23 00:00:00","Fondo Errano_T0_2021","T0",0
"2021-05-23 00:00:00","Fondo ERRANO","T0",0
"2021-05-24 00:00:00","Fondo ERRANO","T0",0
"2021-05-24 00:00:00","Fondo Errano_T0_2021","T0",0
"2021-05-25 00:00:00","Fondo ERRANO","T0",0
"2021-05-25 00:00:00","Fondo Errano_T0_2021","T0",0
"2021-05-26 00:00:00","Fondo ERRANO","T0",8.74104
"2021-05-26 00:00:00","Fondo Errano_T0_2021","T0",0
"2021-05-27 00:00:00","Fondo Errano_T0_2021","T0",0
"2021-05-27 00:00:00","Fondo ERRANO","T0",0
"2021-05-28 00:00:00","Fondo Errano_T0_2021","T0",0
"2021-05-28 00:00:00","Fondo ERRANO","T0",0
"2021-05-29 00:00:00","Fondo Errano_T0_2021","T0",0
"2021-05-29 00:00:00","Fondo ERRANO","T0",0
"2021-05-30 00:00:00","Fondo ERRANO","T0",12.70908
"2021-05-30 00:00:00","Fondo Errano_T0_2021","T0",0
"2021-05-31 00:00:00","Fondo ERRANO","T0",0
"2021-05-31 00:00:00","Fondo Errano_T0_2021","T0",0
"2021-06-01 00:00:00","Fondo ERRANO","T0",0
"2021-06-01 00:00:00","Fondo Errano_T0_2021","T0",0
"2021-06-02 00:00:00","Fondo ERRANO","T0",0
"2021-06-02 00:00:00","Fondo Errano_T0_2021","T0",0
"2021-06-03 00:00:00","Fondo Errano_T0_2021","T0",0
"2021-06-03 00:00:00","Fondo ERRANO","T0",10.55736
"2021-06-04 00:00:00","Fondo ERRANO","T0",0
"2021-06-04 00:00:00","Fondo Errano_T0_2021","T0",0
"2021-06-05 00:00:00","Fondo Errano_T0_2021","T0",0
"2021-06-05 00:00:00","Fondo ERRANO","T0",12.55428
"2021-06-06 00:00:00","Fondo Errano_T0_2021","T0",0
"2021-06-06 00:00:00","Fondo ERRANO","T0",0
"2021-06-07 00:00:00","Fondo Errano_T0_2021","T0",0
"2021-06-07 00:00:00","Fondo ERRANO","T0",0
"2021-06-08 00:00:00","Fondo ERRANO","T0",0
"2021-06-08 00:00:00","Fondo Errano_T0_2021","T0",0
"2021-06-09 00:00:00","Fondo ERRANO","T0",0
"2021-06-09 00:00:00","Fondo Errano_T0_2021","T0",0
"2021-06-10 00:00:00","Fondo Errano_T0_2021","T0",0
"2021-06-10 00:00:00","Fondo ERRANO","T0",0
"2021-06-11 00:00:00","Fondo ERRANO","T0",0
"2021-06-11 00:00:00","Fondo Errano_T0_2021","T0",0
"2021-06-12 00:00:00","Fondo ERRANO","T0",13.75656
"2021-06-12 00:00:00","Fondo Errano_T0_2021","T0",0
"2021-06-13 00:00:00","Fondo ERRANO","T0",0
"2021-06-13 00:00:00","Fondo Errano_T0_2021","T0",0
"2021-06-14 00:00:00","Fondo Errano_T0_2021","T0",0
"2021-06-14 00:00:00","Fondo ERRANO","T0",9.50472
"2021-06-15 00:00:00","Fondo ERRANO","T0",0
"2021-06-15 00:00:00","Fondo Errano_T0_2021","T0",0
"2021-06-16 00:00:00","Fondo ERRANO","T0",12.54912
"2021-06-16 00:00:00","Fondo Errano_T0_2021","T0",0
"2021-06-17 00:00:00","Fondo ERRANO","T0",3.4056
"2021-06-17 00:00:00","Fondo Errano_T0_2021","T0",0
"2021-06-18 00:00:00","Fondo Errano_T0_2021","T0",0
"2021-06-18 00:00:00","Fondo ERRANO","T0",9.3138
"2021-06-19 00:00:00","Fondo Errano_T0_2021","T0",0
"2021-06-19 00:00:00","Fondo ERRANO","T0",15.84636
"2021-06-20 00:00:00","Fondo Errano_T0_2021","T0",0
"2021-06-20 00:00:00","Fondo ERRANO","T0",8.61204
"2021-06-21 00:00:00","Fondo ERRANO","T0",11.1198
"2021-06-21 00:00:00","Fondo Errano_T0_2021","T0",0
"2021-06-22 00:00:00","Fondo Errano_T0_2021","T0",0
"2021-06-22 00:00:00","Fondo ERRANO","T0",8.7204
"2021-06-23 00:00:00","Fondo ERRANO","T0",10.8876
"2021-06-23 00:00:00","Fondo Errano_T0_2021","T0",0
"2021-06-24 00:00:00","Fondo ERRANO","T0",0
"2021-06-24 00:00:00","Fondo Errano_T0_2021","T0",0
"2021-06-25 00:00:00","Fondo ERRANO","T0",21.78552
"2021-06-25 00:00:00","Fondo Errano_T0_2021","T0",0
"2021-06-26 00:00:00","Fondo Errano_T0_2021","T0",0
"2021-06-26 00:00:00","Fondo ERRANO","T0",14.32932
"2021-06-27 00:00:00","Fondo ERRANO","T0",10.87212
"2021-06-27 00:00:00","Fondo Errano_T0_2021","T0",0
"2021-06-28 00:00:00","Fondo ERRANO","T0",10.9392
"2021-06-28 00:00:00","Fondo Errano_T0_2021","T0",0
"2021-06-29 00:00:00","Fondo Errano_T0_2021","T0",0
"2021-06-29 00:00:00","Fondo ERRANO","T0",13.27668
"2021-06-30 00:00:00","Fondo ERRANO","T0",13.09608
"2021-06-30 00:00:00","Fondo Errano_T0_2021","T0",0
"2021-07-01 00:00:00","Fondo ERRANO","T0",12.96708
"2021-07-01 00:00:00","Fondo Errano_T0_2021","T0",0
"2021-07-02 00:00:00","Fondo ERRANO","T0",12.98256
"2021-07-02 00:00:00","Fondo Errano_T0_2021","T0",0
"2021-07-03 00:00:00","Fondo Errano_T0_2021","T0",0
"2021-07-03 00:00:00","Fondo ERRANO","T0",15.02592
"2021-07-04 00:00:00","Fondo ERRANO","T0",13.04448
"2021-07-04 00:00:00","Fondo Errano_T0_2021","T0",0
"2021-07-05 00:00:00","Fondo ERRANO","T0",13.04448
"2021-07-05 00:00:00","Fondo Errano_T0_2021","T0",0
"2021-07-06 00:00:00","Fondo ERRANO","T0",13.0806
"2021-07-06 00:00:00","Fondo Errano_T0_2021","T0",0
"2021-07-07 00:00:00","Fondo ERRANO","T0",12.85872
"2021-07-07 00:00:00","Fondo Errano_T0_2021","T0",0
"2021-07-08 00:00:00","Fondo ERRANO","T0",12.80712
"2021-07-08 00:00:00","Fondo Errano_T0_2021","T0",0
"2021-07-09 00:00:00","Fondo ERRANO","T0",12.7452
"2021-07-09 00:00:00","Fondo Errano_T0_2021","T0",0
"2021-07-10 00:00:00","Fondo ERRANO","T0",12.7452
"2021-07-10 00:00:00","Fondo Errano_T0_2021","T0",0
"2021-07-11 00:00:00","Fondo Errano_T0_2021","T0",0
"2021-07-11 00:00:00","Fondo ERRANO","T0",12.7968
"2021-07-12 00:00:00","Fondo Errano_T0_2021","T0",0
"2021-07-12 00:00:00","Fondo ERRANO","T0",12.96192
"2021-07-13 00:00:00","Fondo Errano_T0_2021","T0",0
"2021-07-13 00:00:00","Fondo ERRANO","T0",7.89996
"2021-07-14 00:00:00","Fondo Errano_T0_2021","T0",0
"2021-07-14 00:00:00","Fondo ERRANO","T0",0
"2021-07-15 00:00:00","Fondo ERRANO","T0",0
"2021-07-15 00:00:00","Fondo Errano_T0_2021","T0",0
"2021-07-16 00:00:00","Fondo ERRANO","T0",0
"2021-07-16 00:00:00","Fondo Errano_T0_2021","T0",0
"2021-07-17 00:00:00","Fondo ERRANO","T0",0
"2021-07-17 00:00:00","Fondo Errano_T0_2021","T0",0
"2021-07-18 00:00:00","Fondo Errano_T0_2021","T0",0
"2021-07-18 00:00:00","Fondo ERRANO","T0",7.095
"2021-07-19 00:00:00","Fondo ERRANO","T0",8.2044
"2021-07-19 00:00:00","Fondo Errano_T0_2021","T0",0
"2021-07-20 00:00:00","Fondo ERRANO","T0",12.18792
"2021-07-20 00:00:00","Fondo Errano_T0_2021","T0",0
"2021-07-21 00:00:00","Fondo Errano_T0_2021","T0",0
"2021-07-21 00:00:00","Fondo ERRANO","T0",13.04448
"2021-07-22 00:00:00","Fondo Errano_T0_2021","T0",0
"2021-07-22 00:00:00","Fondo ERRANO","T0",12.98772
"2021-07-23 00:00:00","Fondo Errano_T0_2021","T0",0
"2021-07-23 00:00:00","Fondo ERRANO","T0",13.23024
"2021-07-24 00:00:00","Fondo ERRANO","T0",13.00836
"2021-07-24 00:00:00","Fondo Errano_T0_2021","T0",0
"2021-07-25 00:00:00","Fondo ERRANO","T0",12.85356
"2021-07-25 00:00:00","Fondo Errano_T0_2021","T0",0
"2021-07-26 00:00:00","Fondo Errano_T0_2021","T0",0
"2021-07-26 00:00:00","Fondo ERRANO","T0",12.93612
"2021-07-27 00:00:00","Fondo ERRANO","T0",12.9
"2021-07-27 00:00:00","Fondo Errano_T0_2021","T0",0
"2021-07-28 00:00:00","Fondo ERRANO","T0",12.98772
"2021-07-28 00:00:00","Fondo Errano_T0_2021","T0",0
"2021-07-29 00:00:00","Fondo ERRANO","T0",12.9516
"2021-07-29 00:00:00","Fondo Errano_T0_2021","T0",0
"2021-07-30 00:00:00","Fondo Errano_T0_2021","T0",0
"2021-07-30 00:00:00","Fondo ERRANO","T0",12.94128
"2021-07-31 00:00:00","Fondo ERRANO","T0",11.7648
"2021-07-31 00:00:00","Fondo Errano_T0_2021","T0",0
"2021-08-01 00:00:00","Fondo ERRANO","T0",0
"2021-08-01 00:00:00","Fondo Errano_T0_2021","T0",0
"2021-08-02 00:00:00","Fondo ERRANO","T0",11.55324
"2021-08-02 00:00:00","Fondo Errano_T0_2021","T0",0
"2021-08-03 00:00:00","Fondo Errano_T0_2021","T0",0
"2021-08-03 00:00:00","Fondo ERRANO","T0",11.5068
"2021-08-04 00:00:00","Fondo Errano_T0_2021","T0",0
"2021-08-04 00:00:00","Fondo ERRANO","T0",11.69256
"2021-08-05 00:00:00","Fondo ERRANO","T0",11.53776
"2021-08-05 00:00:00","Fondo Errano_T0_2021","T0",0
"2021-08-06 00:00:00","Fondo ERRANO","T0",11.64612
"2021-08-06 00:00:00","Fondo Errano_T0_2021","T0",0
"2021-08-07 00:00:00","Fondo Errano_T0_2021","T0",0
"2021-08-07 00:00:00","Fondo ERRANO","T0",12.7194
"2021-08-08 00:00:00","Fondo Errano_T0_2021","T0",0
"2021-08-08 00:00:00","Fondo ERRANO","T0",12.84324
"2021-08-09 00:00:00","Fondo ERRANO","T0",12.83808
"2021-08-09 00:00:00","Fondo Errano_T0_2021","T0",0
"2021-08-10 00:00:00","Fondo Errano_T0_2021","T0",0
"2021-08-10 00:00:00","Fondo ERRANO","T0",12.65232
"2021-08-11 00:00:00","Fondo ERRANO","T0",12.70908
"2021-08-11 00:00:00","Fondo Errano_T0_2021","T0",0
"2021-08-12 00:00:00","Fondo ERRANO","T0",12.83292
"2021-08-12 00:00:00","Fondo Errano_T0_2021","T0",0
"2021-08-13 00:00:00","Fondo Errano_T0_2021","T0",0
"2021-08-13 00:00:00","Fondo ERRANO","T0",12.77616
"2021-08-14 00:00:00","Fondo Errano_T0_2021","T0",0
"2021-08-14 00:00:00","Fondo ERRANO","T0",12.85356
"2021-08-15 00:00:00","Fondo Errano_T0_2021","T0",0
"2021-08-15 00:00:00","Fondo ERRANO","T0",4.7214
"2021-08-16 00:00:00","Fondo ERRANO","T0",12.6678
"2021-08-16 00:00:00","Fondo Errano_T0_2021","T0",0
"2021-08-17 00:00:00","Fondo Errano_T0_2021","T0",0
"2021-08-17 00:00:00","Fondo ERRANO","T0",12.40464
"2021-08-18 00:00:00","Fondo ERRANO","T0",12.6162
"2021-08-18 00:00:00","Fondo Errano_T0_2021","T0",0
"2021-08-19 00:00:00","Fondo Errano_T0_2021","T0",0
"2021-08-19 00:00:00","Fondo ERRANO","T0",12.513
"2021-08-20 00:00:00","Fondo ERRANO","T0",12.4872
"2021-08-20 00:00:00","Fondo Errano_T0_2021","T0",0
"2021-08-21 00:00:00","Fondo Errano_T0_2021","T0",0
"2021-08-21 00:00:00","Fondo ERRANO","T0",12.83808
"2021-08-22 00:00:00","Fondo Errano_T0_2021","T0",0
"2021-08-22 00:00:00","Fondo ERRANO","T0",12.59556
"2021-08-23 00:00:00","Fondo ERRANO","T0",8.13732
"2021-08-23 00:00:00","Fondo Errano_T0_2021","T0",0
"2021-08-24 00:00:00","Fondo Errano_T0_2021","T0",0
"2021-08-24 00:00:00","Fondo ERRANO","T0",8.88036
"2021-08-25 00:00:00","Fondo ERRANO","T0",8.78748
"2021-08-25 00:00:00","Fondo Errano_T0_2021","T0",0
"2021-08-26 00:00:00","Fondo Errano_T0_2021","T0",0
"2021-08-26 00:00:00","Fondo ERRANO","T0",10.44384
"2021-08-27 00:00:00","Fondo Errano_T0_2021","T0",0
"2021-08-27 00:00:00","Fondo ERRANO","T0",10.06716
"2021-08-28 00:00:00","Fondo ERRANO","T0",0
"2021-08-28 00:00:00","Fondo Errano_T0_2021","T0",0
"2021-08-29 00:00:00","Fondo Errano_T0_2021","T0",0
"2021-08-29 00:00:00","Fondo ERRANO","T0",0
"2021-08-30 00:00:00","Fondo ERRANO","T0",10.21164
"2021-08-30 00:00:00","Fondo Errano_T0_2021","T0",0
"2021-08-31 00:00:00","Fondo Errano_T0_2021","T0",0
"2021-08-31 00:00:00","Fondo ERRANO","T0",10.37676
"2021-09-01 00:00:00","Fondo Errano_T0_2021","T0",0
"2021-09-01 00:00:00","Fondo ERRANO","T0",0
"2021-09-02 00:00:00","Fondo ERRANO","T0",0
"2021-09-02 00:00:00","Fondo Errano_T0_2021","T0",0
"2021-09-03 00:00:00","Fondo Errano_T0_2021","T0",0
"2021-09-03 00:00:00","Fondo ERRANO","T0",10.43868
"2021-09-04 00:00:00","Fondo Errano_T0_2021","T0",0
"2021-09-04 00:00:00","Fondo ERRANO","T0",10.24776
"2021-09-05 00:00:00","Fondo Errano_T0_2021","T0",0
"2021-09-05 00:00:00","Fondo ERRANO","T0",10.35612
"2021-09-06 00:00:00","Fondo Errano_T0_2021","T0",0
"2021-09-06 00:00:00","Fondo ERRANO","T0",10.2426
"2021-09-07 00:00:00","Fondo Errano_T0_2021","T0",0
"2021-09-07 00:00:00","Fondo ERRANO","T0",10.2684
"2021-09-08 00:00:00","Fondo ERRANO","T0",10.23228
"2021-09-08 00:00:00","Fondo Errano_T0_2021","T0",0
"2021-09-09 00:00:00","Fondo Errano_T0_2021","T0",0
"2021-09-09 00:00:00","Fondo ERRANO","T0",10.22712
"2021-09-10 00:00:00","Fondo ERRANO","T0",10.3458
"2021-09-10 00:00:00","Fondo Errano_T0_2021","T0",0
"2021-09-11 00:00:00","Fondo Errano_T0_2021","T0",0
"2021-09-11 00:00:00","Fondo ERRANO","T0",10.40772
"2021-09-12 00:00:00","Fondo Errano_T0_2021","T0",0
"2021-09-12 00:00:00","Fondo ERRANO","T0",10.61928
"2021-09-13 00:00:00","Fondo ERRANO","T0",10.39224
"2021-09-13 00:00:00","Fondo Errano_T0_2021","T0",0
"2021-09-14 00:00:00","Fondo ERRANO","T0",10.47996
"2021-09-14 00:00:00","Fondo Errano_T0_2021","T0",0
"2021-09-15 00:00:00","Fondo ERRANO","T0",10.41804
"2021-09-15 00:00:00","Fondo Errano_T0_2021","T0",0
"2021-09-16 00:00:00","Fondo Errano_T0_2021","T0",0
"2021-09-16 00:00:00","Fondo ERRANO","T0",10.20132
"2021-09-17 00:00:00","Fondo Errano_T0_2021","T0",0
"2021-09-17 00:00:00","Fondo ERRANO","T0",10.30452
"2021-09-18 00:00:00","Fondo ERRANO","T0",0
"2021-09-18 00:00:00","Fondo Errano_T0_2021","T0",0
"2021-09-19 00:00:00","Fondo ERRANO","T0",8.9268
"2021-09-19 00:00:00","Fondo Errano_T0_2021","T0",0
"2021-09-20 00:00:00","Fondo ERRANO","T0",0
"2021-09-20 00:00:00","Fondo Errano_T0_2021","T0",0
"2021-09-21 00:00:00","Fondo ERRANO","T0",0
"2021-09-21 00:00:00","Fondo Errano_T0_2021","T0",0
"2021-09-22 00:00:00","Fondo Errano_T0_2021","T0",0
"2021-09-22 00:00:00","Fondo ERRANO","T0",8.98872
"2021-09-23 00:00:00","Fondo Errano_T0_2021","T0",0
"2021-09-23 00:00:00","Fondo ERRANO","T0",3.71004
"2021-09-24 00:00:00","Fondo ERRANO","T0",9.11772
"2021-09-24 00:00:00","Fondo Errano_T0_2021","T0",0
"2021-09-25 00:00:00","Fondo ERRANO","T0",9.1074
"2021-09-25 00:00:00","Fondo Errano_T0_2021","T0",0
"2021-09-26 00:00:00","Fondo ERRANO","T0",0
"2021-09-26 00:00:00","Fondo Errano_T0_2021","T0",0
"2021-09-27 00:00:00","Fondo Errano_T0_2021","T0",0
"2021-09-27 00:00:00","Fondo ERRANO","T0",0
"2021-09-28 00:00:00","Fondo ERRANO","T0",0
"2021-09-28 00:00:00","Fondo Errano_T0_2021","T0",0
"2021-09-29 00:00:00","Fondo ERRANO","T0",0
"2021-09-29 00:00:00","Fondo Errano_T0_2021","T0",0
"2021-09-30 00:00:00","Fondo ERRANO","T0",0
"2021-09-30 00:00:00","Fondo Errano_T0_2021","T0",0
"2021-10-01 00:00:00","Fondo Errano_T0_2021","T0",0
"2021-10-01 00:00:00","Fondo ERRANO","T0",0
"2021-10-02 00:00:00","Fondo Errano_T0_2021","T0",0
"2021-10-02 00:00:00","Fondo ERRANO","T0",0
"2021-10-03 00:00:00","Fondo Errano_T0_2021","T0",0
"2021-10-03 00:00:00","Fondo ERRANO","T0",0.00516
"2021-10-04 00:00:00","Fondo Errano_T0_2021","T0",0
"2021-10-04 00:00:00","Fondo ERRANO","T0",8.96292
"2021-10-05 00:00:00","Fondo ERRANO","T0",0.00516
"2021-10-05 00:00:00","Fondo Errano_T0_2021","T0",0
"2021-10-06 00:00:00","Fondo ERRANO","T0",0
"2021-10-06 00:00:00","Fondo Errano_T0_2021","T0",0
"2021-10-07 00:00:00","Fondo ERRANO","T0",8.62752
"2021-10-07 00:00:00","Fondo Errano_T0_2021","T0",0
"2021-10-08 00:00:00","Fondo Errano_T0_2021","T0",0
"2021-10-08 00:00:00","Fondo ERRANO","T0",0
"2021-10-09 00:00:00","Fondo ERRANO","T0",0
"2021-10-09 00:00:00","Fondo Errano_T0_2021","T0",0
"2021-10-10 00:00:00","Fondo ERRANO","T0",0
"2021-10-10 00:00:00","Fondo Errano_T0_2021","T0",0
"2021-10-11 00:00:00","Fondo Errano_T0_2021","T0",0
"2021-10-11 00:00:00","Fondo ERRANO","T0",0
"2021-10-12 00:00:00","Fondo Errano_T0_2021","T0",0
"2021-10-12 00:00:00","Fondo ERRANO","T0",0
"2021-10-13 00:00:00","Fondo Errano_T0_2021","T0",0
"2021-10-13 00:00:00","Fondo ERRANO","T0",0
"2021-10-14 00:00:00","Fondo Errano_T0_2021","T0",0
"2021-10-14 00:00:00","Fondo ERRANO","T0",0
"2021-10-15 00:00:00","Fondo Errano_T0_2021","T0",0
"2021-10-15 00:00:00","Fondo ERRANO","T0",0
"2021-10-16 00:00:00","Fondo ERRANO","T0",0
"2021-10-16 00:00:00","Fondo Errano_T0_2021","T0",0
"2021-10-17 00:00:00","Fondo ERRANO","T0",0
"2021-10-17 00:00:00","Fondo Errano_T0_2021","T0",0
"2021-10-18 00:00:00","Fondo ERRANO","T0",0
"2021-10-18 00:00:00","Fondo Errano_T0_2021","T0",0
"2021-10-19 00:00:00","Fondo Errano_T0_2021","T0",0
"2021-10-19 00:00:00","Fondo ERRANO","T0",0
"2021-10-20 00:00:00","Fondo Errano_T0_2021","T0",0
"2021-10-20 00:00:00","Fondo ERRANO","T0",0
"2021-10-21 00:00:00","Fondo Errano_T0_2021","T0",0
"2021-10-21 00:00:00","Fondo ERRANO","T0",0
"2021-10-22 00:00:00","Fondo Errano_T0_2021","T0",0
"2021-10-22 00:00:00","Fondo ERRANO","T0",0
"2021-10-23 00:00:00","Fondo ERRANO","T0",0
"2021-10-24 00:00:00","Fondo ERRANO","T0",0
"2021-10-25 00:00:00","Fondo ERRANO","T0",0
"2021-10-26 00:00:00","Fondo ERRANO","T0",0
"2021-10-27 00:00:00","Fondo ERRANO","T0",0
"2021-10-28 00:00:00","Fondo ERRANO","T0",0
"2021-10-29 00:00:00","Fondo ERRANO","T0",0
"2021-10-30 00:00:00","Fondo ERRANO","T0",0
"2021-10-31 00:00:00","Fondo ERRANO","T0",0
"2021-11-01 00:00:00","Fondo ERRANO","T0",0
"2021-11-02 00:00:00","Fondo ERRANO","T0",0
"2021-11-03 00:00:00","Fondo ERRANO","T0",0
"2021-11-04 00:00:00","Fondo ERRANO","T0",0
"2021-11-05 00:00:00","Fondo ERRANO","T0",0
"2021-11-06 00:00:00","Fondo ERRANO","T0",0
"2021-11-07 00:00:00","Fondo ERRANO","T0",0
"2021-11-08 00:00:00","Fondo ERRANO","T0",0
"2021-11-09 00:00:00","Fondo ERRANO","T0",0
"2021-11-10 00:00:00","Fondo ERRANO","T0",0
"2021-11-11 00:00:00","Fondo ERRANO","T0",0
"2021-11-12 00:00:00","Fondo ERRANO","T0",0
"2021-11-13 00:00:00","Fondo ERRANO","T0",0
"2021-11-14 00:00:00","Fondo ERRANO","T0",0
"2021-11-15 00:00:00","Fondo ERRANO","T0",0
"2021-11-16 00:00:00","Fondo ERRANO","T0",0
"2021-11-17 00:00:00","Fondo ERRANO","T0",0
"2021-11-18 00:00:00","Fondo ERRANO","T0",0
"2021-11-19 00:00:00","Fondo ERRANO","T0",0
"2021-11-20 00:00:00","Fondo ERRANO","T0",0
"2021-11-21 00:00:00","Fondo ERRANO","T0",0
"2021-11-22 00:00:00","Fondo ERRANO","T0",0
"2021-11-23 00:00:00","Fondo ERRANO","T0",0
"2021-11-24 00:00:00","Fondo ERRANO","T0",0
"2021-11-25 00:00:00","Fondo ERRANO","T0",0
"2021-11-26 00:00:00","Fondo ERRANO","T0",0
"2021-11-27 00:00:00","Fondo ERRANO","T0",0
"2021-11-28 00:00:00","Fondo ERRANO","T0",0
"2021-11-29 00:00:00","Fondo ERRANO","T0",0
"2021-11-30 00:00:00","Fondo ERRANO","T0",0
"2021-12-01 00:00:00","Fondo ERRANO","T0",0
"2021-12-02 00:00:00","Fondo ERRANO","T0",0
"2021-12-03 00:00:00","Fondo ERRANO","T0",0
"2021-12-04 00:00:00","Fondo ERRANO","T0",0
"2021-12-05 00:00:00","Fondo ERRANO","T0",0
"2021-12-06 00:00:00","Fondo ERRANO","T0",0
"2021-12-07 00:00:00","Fondo ERRANO","T0",0
"2021-12-08 00:00:00","Fondo ERRANO","T0",0
"2021-12-09 00:00:00","Fondo ERRANO","T0",0
"2021-12-10 00:00:00","Fondo ERRANO","T0",0
"2021-12-11 00:00:00","Fondo ERRANO","T0",0
"2021-12-12 00:00:00","Fondo ERRANO","T0",0
"2021-12-13 00:00:00","Fondo ERRANO","T0",0
"2021-12-14 00:00:00","Fondo ERRANO","T0",0
"2021-12-15 00:00:00","Fondo ERRANO","T0",0
"2021-12-16 00:00:00","Fondo ERRANO","T0",0
"2021-12-17 00:00:00","Fondo ERRANO","T0",0
"2021-12-18 00:00:00","Fondo ERRANO","T0",0
"2021-12-19 00:00:00","Fondo ERRANO","T0",0
"2021-12-20 00:00:00","Fondo ERRANO","T0",0
"2021-12-21 00:00:00","Fondo ERRANO","T0",0
"2021-12-22 00:00:00","Fondo ERRANO","T0",0
"2021-12-23 00:00:00","Fondo ERRANO","T0",0
"2021-12-24 00:00:00","Fondo ERRANO","T0",0
"2021-12-25 00:00:00","Fondo ERRANO","T0",0
"2021-12-26 00:00:00","Fondo ERRANO","T0",0
"2021-12-27 00:00:00","Fondo ERRANO","T0",0
"2021-12-28 00:00:00","Fondo ERRANO","T0",0
"2021-12-29 00:00:00","Fondo ERRANO","T0",0
"2021-12-30 00:00:00","Fondo ERRANO","T0",0
"2021-12-31 00:00:00","Fondo ERRANO","T0",0
"2022-01-01 00:00:00","Fondo ERRANO","T0",0
"2022-01-02 00:00:00","Fondo ERRANO","T0",0
"2022-01-03 00:00:00","Fondo ERRANO","T0",0
"2022-01-04 00:00:00","Fondo ERRANO","T0",0
"2022-01-05 00:00:00","Fondo ERRANO","T0",0
"2022-01-06 00:00:00","Fondo ERRANO","T0",0
"2022-01-07 00:00:00","Fondo ERRANO","T0",0
"2022-01-08 00:00:00","Fondo ERRANO","T0",0
"2022-01-09 00:00:00","Fondo ERRANO","T0",0
"2022-01-10 00:00:00","Fondo ERRANO","T0",0
"2022-01-11 00:00:00","Fondo ERRANO","T0",0
"2022-01-12 00:00:00","Fondo ERRANO","T0",0
"2022-01-13 00:00:00","Fondo ERRANO","T0",0
"2022-01-14 00:00:00","Fondo ERRANO","T0",0
"2022-01-15 00:00:00","Fondo ERRANO","T0",0
"2022-01-16 00:00:00","Fondo ERRANO","T0",0
"2022-01-17 00:00:00","Fondo ERRANO","T0",0
"2022-01-18 00:00:00","Fondo ERRANO","T0",0
"2022-01-19 00:00:00","Fondo ERRANO","T0",0
"2022-01-20 00:00:00","Fondo ERRANO","T0",0
"2022-01-21 00:00:00","Fondo ERRANO","T0",0
"2022-01-22 00:00:00","Fondo ERRANO","T0",0
"2022-01-23 00:00:00","Fondo ERRANO","T0",0
"2022-01-24 00:00:00","Fondo ERRANO","T0",0
"2022-01-25 00:00:00","Fondo ERRANO","T0",0
"2022-01-26 00:00:00","Fondo ERRANO","T0",0
"2022-01-27 00:00:00","Fondo ERRANO","T0",0
"2022-01-28 00:00:00","Fondo ERRANO","T0",0
"2022-01-29 00:00:00","Fondo ERRANO","T0",0
"2022-01-30 00:00:00","Fondo ERRANO","T0",0
"2022-01-31 00:00:00","Fondo ERRANO","T0",0
"2022-02-01 00:00:00","Fondo ERRANO","T0",0
"2022-02-02 00:00:00","Fondo ERRANO","T0",0
"2022-02-03 00:00:00","Fondo ERRANO","T0",0
"2022-02-04 00:00:00","Fondo ERRANO","T0",0
"2022-02-05 00:00:00","Fondo ERRANO","T0",0
"2022-02-06 00:00:00","Fondo ERRANO","T0",0
"2022-02-07 00:00:00","Fondo ERRANO","T0",0
"2022-02-08 00:00:00","Fondo ERRANO","T0",0
"2022-02-09 00:00:00","Fondo ERRANO","T0",0
"2022-02-10 00:00:00","Fondo ERRANO","T0",0
"2022-02-11 00:00:00","Fondo ERRANO","T0",0
"2022-02-12 00:00:00","Fondo ERRANO","T0",0
"2022-02-13 00:00:00","Fondo ERRANO","T0",0
"2022-02-14 00:00:00","Fondo ERRANO","T0",0
"2022-02-15 00:00:00","Fondo ERRANO","T0",0
"2022-02-16 00:00:00","Fondo ERRANO","T0",0
"2022-02-17 00:00:00","Fondo ERRANO","T0",0
"2022-02-18 00:00:00","Fondo ERRANO","T0",0
"2022-02-19 00:00:00","Fondo ERRANO","T0",0
"2022-02-20 00:00:00","Fondo ERRANO","T0",0
"2022-02-21 00:00:00","Fondo ERRANO","T0",0
"2022-02-22 00:00:00","Fondo ERRANO","T0",0
"2022-02-23 00:00:00","Fondo ERRANO","T0",0
"2022-02-24 00:00:00","Fondo ERRANO","T0",0
"2022-02-25 00:00:00","Fondo ERRANO","T0",0
"2022-02-26 00:00:00","Fondo ERRANO","T0",0
"2022-02-27 00:00:00","Fondo ERRANO","T0",0
"2022-02-28 00:00:00","Fondo ERRANO","T0",0
"2022-03-01 00:00:00","Fondo ERRANO","T0",0
"2022-03-02 00:00:00","Fondo ERRANO","T0",0
"2022-03-03 00:00:00","Fondo ERRANO","T0",0
"2022-03-04 00:00:00","Fondo ERRANO","T0",0
"2022-03-05 00:00:00","Fondo ERRANO","T0",0
"2022-03-06 00:00:00","Fondo ERRANO","T0",0
"2022-03-07 00:00:00","Fondo ERRANO","T0",0
"2022-03-08 00:00:00","Fondo ERRANO","T0",0
"2022-03-09 00:00:00","Fondo ERRANO","T0",0
"2022-03-10 00:00:00","Fondo ERRANO","T0",0
"2022-03-11 00:00:00","Fondo ERRANO","T0",0
"2022-03-12 00:00:00","Fondo ERRANO","T0",0
"2022-03-13 00:00:00","Fondo ERRANO","T0",0
"2022-03-14 00:00:00","Fondo ERRANO","T0",0
"2022-03-15 00:00:00","Fondo ERRANO","T0",0
"2022-03-17 00:00:00","Fondo ERRANO","T0",0
"2022-03-18 00:00:00","Fondo ERRANO","T0",0
"2022-03-19 00:00:00","Fondo ERRANO","T0",0
"2022-03-20 00:00:00","Fondo ERRANO","T0",0
"2022-03-21 00:00:00","Fondo ERRANO","T0",0
"2022-03-22 00:00:00","Fondo ERRANO","T0",0
"2022-03-23 00:00:00","Fondo ERRANO","T0",0
"2022-03-24 00:00:00","Fondo ERRANO","T0",0
"2022-03-25 00:00:00","Fondo ERRANO","T0",0
"2022-03-26 00:00:00","Fondo ERRANO","T0",0
"2022-03-27 00:00:00","Fondo ERRANO","T0",0
"2022-03-28 00:00:00","Fondo ERRANO","T0",0
"2022-03-29 00:00:00","Fondo ERRANO","T0",19.4
"2022-03-30 00:00:00","Fondo ERRANO","T0",0.2
"2022-03-31 00:00:00","Fondo ERRANO","T0",0
"2022-04-01 00:00:00","Fondo ERRANO","T0",0
"2022-04-02 00:00:00","Fondo ERRANO","T0",0
"2022-04-03 00:00:00","Fondo ERRANO","T0",0
"2022-04-04 00:00:00","Fondo ERRANO","T0",0
"2022-04-05 00:00:00","Fondo ERRANO","T0",0
"2022-04-06 00:00:00","Fondo ERRANO","T0",0
"2022-04-07 00:00:00","Fondo ERRANO","T0",0
"2022-04-08 00:00:00","Fondo ERRANO","T0",0
"2022-04-09 00:00:00","Fondo ERRANO","T0",0
"2022-04-10 00:00:00","Fondo ERRANO","T0",0
"2022-04-11 00:00:00","Fondo ERRANO","T0",0
"2022-04-12 00:00:00","Fondo ERRANO","T0",0
"2022-04-13 00:00:00","Fondo ERRANO","T0",0
"2022-04-14 00:00:00","Fondo ERRANO","T0",216.2
"2022-04-15 00:00:00","Fondo ERRANO","T0",0
"2022-04-16 00:00:00","Fondo ERRANO","T0",0
"2022-04-17 00:00:00","Fondo ERRANO","T0",0
"2022-04-18 00:00:00","Fondo ERRANO","T0",0
"2022-04-19 00:00:00","Fondo ERRANO","T0",0
"2022-04-20 00:00:00","Fondo ERRANO","T0",0
"2022-04-21 00:00:00","Fondo ERRANO","T0",0
"2022-04-22 00:00:00","Fondo ERRANO","T0",0
"2022-04-23 00:00:00","Fondo ERRANO","T0",0
"2022-04-24 00:00:00","Fondo ERRANO","T0",0
"2022-04-25 00:00:00","Fondo ERRANO","T0",0
"2022-04-26 00:00:00","Fondo ERRANO","T0",0
"2022-04-28 00:00:00","Fondo ERRANO","T0",0
"2022-04-30 00:00:00","Fondo ERRANO","T0",9.4428
"2022-05-01 00:00:00","Fondo ERRANO","T0",0
"2022-05-02 00:00:00","Fondo ERRANO","T0",0
"2022-05-03 00:00:00","Fondo ERRANO","T0",5.31996
"2022-05-04 00:00:00","Fondo ERRANO","T0",0
"2022-05-05 00:00:00","Fondo ERRANO","T0",0
"2022-05-06 00:00:00","Fondo ERRANO","T0",0
"2022-05-07 00:00:00","Fondo ERRANO","T0",0
"2022-05-08 00:00:00","Fondo ERRANO","T0",0
"2022-05-09 00:00:00","Fondo ERRANO","T0",4.5666
"2022-05-10 00:00:00","Fondo ERRANO","T0",0
"2022-05-11 00:00:00","Fondo ERRANO","T0",0
"2022-05-12 00:00:00","Fondo ERRANO","T0",0
"2022-05-13 00:00:00","Fondo ERRANO","T0",0
"2022-05-14 00:00:00","Fondo ERRANO","T0",8.24568
"2022-05-15 00:00:00","Fondo ERRANO","T0",0
"2022-05-16 00:00:00","Fondo ERRANO","T0",0
"2022-05-17 00:00:00","Fondo ERRANO","T0",0
"2022-05-18 00:00:00","Fondo ERRANO","T0",0
"2022-05-19 00:00:00","Fondo ERRANO","T0",0
"2022-05-20 00:00:00","Fondo ERRANO","T0",0
"2022-05-21 00:00:00","Fondo ERRANO","T0",7.83288
"2022-05-22 00:00:00","Fondo ERRANO","T0",0
"2022-05-23 00:00:00","Fondo ERRANO","T0",4.33956
"2022-05-24 00:00:00","Fondo ERRANO","T0",3.16308
"2022-05-25 00:00:00","Fondo ERRANO","T0",0
"2022-05-26 00:00:00","Fondo ERRANO","T0",8.54496
"2022-05-27 00:00:00","Fondo ERRANO","T0",0
"2022-05-28 00:00:00","Fondo ERRANO","T0",10.82052
"2022-05-29 00:00:00","Fondo ERRANO","T0",0.00516
"2022-05-30 00:00:00","Fondo ERRANO","T0",0
"2022-05-31 00:00:00","Fondo ERRANO","T0",0
"2022-06-01 00:00:00","Fondo ERRANO","T0",0
"2022-06-02 00:00:00","Fondo ERRANO","T0",10.23228
"2022-06-03 00:00:00","Fondo ERRANO","T0",0.00516
"2022-06-04 00:00:00","Fondo ERRANO","T0",14.55636
"2022-06-05 00:00:00","Fondo ERRANO","T0",0
"2022-06-06 00:00:00","Fondo ERRANO","T0",124.44372
"2022-06-07 00:00:00","Fondo ERRANO","T0",0
"2022-06-08 00:00:00","Fondo ERRANO","T0",0
"2022-06-09 00:00:00","Fondo ERRANO","T0",0
"2022-06-10 00:00:00","Fondo ERRANO","T0",10.45932
"2022-06-11 00:00:00","Fondo ERRANO","T0",4.54596
"2022-06-12 00:00:00","Fondo ERRANO","T0",5.24256
"2022-06-13 00:00:00","Fondo ERRANO","T0",7.59552
"2022-06-14 00:00:00","Fondo ERRANO","T0",13.35408
"2022-06-15 00:00:00","Fondo ERRANO","T0",7.27044
"2022-06-16 00:00:00","Fondo ERRANO","T0",7.3272
"2022-06-17 00:00:00","Fondo ERRANO","T0",9.07644
"2022-06-18 00:00:00","Fondo ERRANO","T0",9.74208
"2022-06-19 00:00:00","Fondo ERRANO","T0",9.14352
"2022-06-20 00:00:00","Fondo ERRANO","T0",9.10224
"2022-06-21 00:00:00","Fondo ERRANO","T0",8.901
"2022-06-22 00:00:00","Fondo ERRANO","T0",4.72656
"2022-06-23 00:00:00","Fondo ERRANO","T0",7.04856
"2022-06-24 00:00:00","Fondo ERRANO","T0",3.49848
"2022-06-25 00:00:00","Fondo ERRANO","T0",6.46548
"2022-06-26 00:00:00","Fondo ERRANO","T0",4.45824
"2022-06-27 00:00:00","Fondo ERRANO","T0",3.93192
"2022-06-28 00:00:00","Fondo ERRANO","T0",11.05272
"2022-06-29 00:00:00","Fondo ERRANO","T0",9.4744
"2022-06-30 00:00:00","Fondo ERRANO","T0",10.2596
"2022-07-01 00:00:00","Fondo ERRANO","T0",11.4816
"2022-07-02 00:00:00","Fondo ERRANO","T0",10.7224
"2022-07-03 00:00:00","Fondo ERRANO","T0",10.6548
"2022-07-04 00:00:00","Fondo ERRANO","T0",12.1076
"2022-07-05 00:00:00","Fondo ERRANO","T0",12.8992
"2022-07-06 00:00:00","Fondo ERRANO","T0",11.919
"2022-07-07 00:00:00","Fondo ERRANO","T0",11.9596
"2022-07-08 00:00:00","Fondo ERRANO","T0",0
"2022-07-09 00:00:00","Fondo ERRANO","T0",11.9074
"2022-07-10 00:00:00","Fondo ERRANO","T0",12.3598
"2022-07-11 00:00:00","Fondo ERRANO","T0",11.4028
"2022-07-12 00:00:00","Fondo ERRANO","T0",13.4154
"2022-07-13 00:00:00","Fondo ERRANO","T0",11.0896
"2022-07-14 00:00:00","Fondo ERRANO","T0",11.2926
"2022-07-15 00:00:00","Fondo ERRANO","T0",11.107
"2022-07-16 00:00:00","Fondo ERRANO","T0",11.5478
"2022-07-17 00:00:00","Fondo ERRANO","T0",13.7576
"2022-07-18 00:00:00","Fondo ERRANO","T0",11.6348
"2022-07-19 00:00:00","Fondo ERRANO","T0",14.4942
"2022-07-20 00:00:00","Fondo ERRANO","T0",12.4062
"2022-07-21 00:00:00","Fondo ERRANO","T0",12.3656
"2022-07-22 00:00:00","Fondo ERRANO","T0",12.5338
"2022-07-23 00:00:00","Fondo ERRANO","T0",13.137
"2022-07-24 00:00:00","Fondo ERRANO","T0",12.0814
"2022-07-25 00:00:00","Fondo ERRANO","T0",12.296
"2022-07-26 00:00:00","Fondo ERRANO","T0",12.4294
"2022-07-27 00:00:00","Fondo ERRANO","T0",14.0418
"2022-07-28 00:00:00","Fondo ERRANO","T0",12.5628
"2022-07-29 00:00:00","Fondo ERRANO","T0",14.152
"2022-07-30 00:00:00","Fondo ERRANO","T0",12.7368
"2022-07-31 00:00:00","Fondo ERRANO","T0",13.0384
"2022-08-01 00:00:00","Fondo ERRANO","T0",15.2656
"2022-08-02 00:00:00","Fondo ERRANO","T0",13.7112
"2022-08-03 00:00:00","Fondo ERRANO","T0",13.2704
"2022-08-04 00:00:00","Fondo ERRANO","T0",12.3308
"2022-08-05 00:00:00","Fondo ERRANO","T0",13.9722
"2022-08-06 00:00:00","Fondo ERRANO","T0",14.2912
"2022-08-07 00:00:00","Fondo ERRANO","T0",13.1544
"2022-08-08 00:00:00","Fondo ERRANO","T0",12.7764
"2022-08-09 00:00:00","Fondo ERRANO","T0",11.1726
"2022-08-10 00:00:00","Fondo ERRANO","T0",10.3896
"2022-08-11 00:00:00","Fondo ERRANO","T0",13.1922
"2022-08-12 00:00:00","Fondo ERRANO","T0",12.6252
"2022-08-13 00:00:00","Fondo ERRANO","T0",13.1544
"2022-08-14 00:00:00","Fondo ERRANO","T0",13.338
"2022-08-15 00:00:00","Fondo ERRANO","T0",13.2732
"2022-08-16 00:00:00","Fondo ERRANO","T0",12.5712
"2022-08-17 00:00:00","Fondo ERRANO","T0",243.8262
"2022-08-18 00:00:00","Fondo ERRANO","T0",0
"2022-08-19 00:00:00","Fondo ERRANO","T0",0
"2022-08-20 00:00:00","Fondo ERRANO","T0",0
"2022-08-21 00:00:00","Fondo ERRANO","T0",0
"2022-08-22 00:00:00","Fondo ERRANO","T0",0
"2022-08-23 00:00:00","Fondo ERRANO","T0",9.5904
"2022-08-24 00:00:00","Fondo ERRANO","T0",11.448
"2022-08-25 00:00:00","Fondo ERRANO","T0",11.394
"2022-08-26 00:00:00","Fondo ERRANO","T0",9.531
"2022-08-27 00:00:00","Fondo ERRANO","T0",10.584
"2022-08-28 00:00:00","Fondo ERRANO","T0",9.9684
"2022-08-29 00:00:00","Fondo ERRANO","T0",9.6336
"2022-08-30 00:00:00","Fondo ERRANO","T0",11.5668
"2022-08-31 00:00:00","Fondo ERRANO","T0",7.7976
"2022-09-01 00:00:00","Fondo ERRANO","T0",0
"2022-09-02 00:00:00","Fondo ERRANO","T0",0
"2022-09-03 00:00:00","Fondo ERRANO","T0",0
"2022-09-04 00:00:00","Fondo ERRANO","T0",0
"2022-09-05 00:00:00","Fondo ERRANO","T0",0
"2022-09-06 00:00:00","Fondo ERRANO","T0",0
"2022-09-07 00:00:00","Fondo ERRANO","T0",5.8266
"2022-09-08 00:00:00","Fondo ERRANO","T0",6.48
"2022-09-09 00:00:00","Fondo ERRANO","T0",6.0858
"2022-09-10 00:00:00","Fondo ERRANO","T0",0
"2022-09-11 00:00:00","Fondo ERRANO","T0",7.4898
"2022-09-12 00:00:00","Fondo ERRANO","T0",9.2448
"2022-09-13 00:00:00","Fondo ERRANO","T0",7.2468
"2022-09-14 00:00:00","Fondo ERRANO","T0",9.1692
"2022-09-15 00:00:00","Fondo ERRANO","T0",0
"2022-09-16 00:00:00","Fondo ERRANO","T0",0
"2022-09-17 00:00:00","Fondo ERRANO","T0",0
"2022-09-18 00:00:00","Fondo ERRANO","T0",0
"2022-09-19 00:00:00","Fondo ERRANO","T0",0
"2022-09-20 00:00:00","Fondo ERRANO","T0",0
"2022-09-21 00:00:00","Fondo ERRANO","T0",0
"2022-09-22 00:00:00","Fondo ERRANO","T0",0
"2022-09-23 00:00:00","Fondo ERRANO","T0",0
"2022-09-24 00:00:00","Fondo ERRANO","T0",0
"2022-09-25 00:00:00","Fondo ERRANO","T0",0
"2022-09-26 00:00:00","Fondo ERRANO","T0",0
"2022-09-27 00:00:00","Fondo ERRANO","T0",0
"2022-09-28 00:00:00","Fondo ERRANO","T0",0
"2022-09-29 00:00:00","Fondo ERRANO","T0",0
"2022-09-30 00:00:00","Fondo ERRANO","T0",0
"2022-10-01 00:00:00","Fondo ERRANO","T0",0
"2022-10-02 00:00:00","Fondo ERRANO","T0",0
"2022-10-03 00:00:00","Fondo ERRANO","T0",0
"2022-10-04 00:00:00","Fondo ERRANO","T0",0
"2022-10-05 00:00:00","Fondo ERRANO","T0",0
"2022-10-06 00:00:00","Fondo ERRANO","T0",0
"2022-10-07 00:00:00","Fondo ERRANO","T0",8.262
"2022-10-08 00:00:00","Fondo ERRANO","T0",0
"2022-10-09 00:00:00","Fondo ERRANO","T0",0
"2022-10-10 00:00:00","Fondo ERRANO","T0",0
"2022-10-11 00:00:00","Fondo ERRANO","T0",0
"2022-10-12 00:00:00","Fondo ERRANO","T0",0
"2023-04-28 00:00:00","Fondo Errano_T0_2023","T0",4.39
"2023-04-29 00:00:00","Fondo Errano_T0_2023","T0",0
"2023-04-30 00:00:00","Fondo Errano_T0_2023","T0",0
"2023-05-01 00:00:00","Fondo Errano_T0_2023","T0",0
"2023-05-02 00:00:00","Fondo Errano_T0_2023","T0",0
"2023-05-03 00:00:00","Fondo Errano_T0_2023","T0",0
"2023-05-04 00:00:00","Fondo Errano_T0_2023","T0",0
"2023-05-05 00:00:00","Fondo Errano_T0_2023","T0",0
"2023-05-06 00:00:00","Fondo Errano_T0_2023","T0",4.08
"2023-05-07 00:00:00","Fondo Errano_T0_2023","T0",0
"2023-05-08 00:00:00","Fondo Errano_T0_2023","T0",0
"2023-05-09 00:00:00","Fondo Errano_T0_2023","T0",0
"2023-05-10 00:00:00","Fondo Errano_T0_2023","T0",0
"2023-05-11 00:00:00","Fondo Errano_T0_2023","T0",0
"2023-05-12 00:00:00","Fondo Errano_T0_2023","T0",0
"2023-05-13 00:00:00","Fondo Errano_T0_2023","T0",1.95
"2023-05-14 00:00:00","Fondo Errano_T0_2023","T0",0
"2023-05-15 00:00:00","Fondo Errano_T0_2023","T0",0.816
"2023-05-16 00:00:00","Fondo Errano_T0_2023","T0",0.002
"2023-05-17 00:00:00","Fondo Errano_T0_2023","T0",0.004
"2023-05-18 00:00:00","Fondo Errano_T0_2023","T0",0
"2023-05-19 00:00:00","Fondo Errano_T0_2023","T0",0
"2023-05-20 00:00:00","Fondo Errano_T0_2023","T0",0
"2023-05-21 00:00:00","Fondo Errano_T0_2023","T0",0
"2023-05-22 00:00:00","Fondo Errano_T0_2023","T0",0
"2023-05-23 00:00:00","Fondo Errano_T0_2023","T0",0
"2023-05-24 00:00:00","Fondo Errano_T0_2023","T0",0
"2023-05-25 00:00:00","Fondo Errano_T0_2023","T0",0
"2023-05-26 00:00:00","Fondo Errano_T0_2023","T0",0
"2023-05-27 00:00:00","Fondo Errano_T0_2023","T0",2.958
"2023-05-28 00:00:00","Fondo Errano_T0_2023","T0",0
"2023-05-29 00:00:00","Fondo Errano_T0_2023","T0",0
"2023-05-30 00:00:00","Fondo Errano_T0_2023","T0",0
"2023-05-31 00:00:00","Fondo Errano_T0_2023","T0",3.452
"2023-06-01 00:00:00","Fondo Errano_T0_2023","T0",0.002
"2023-06-02 00:00:00","Fondo Errano_T0_2023","T0",0
"2023-06-03 00:00:00","Fondo Errano_T0_2023","T0",0
"2023-06-04 00:00:00","Fondo Errano_T0_2023","T0",3.548
"2023-06-05 00:00:00","Fondo Errano_T0_2023","T0",0.004
"2023-06-06 00:00:00","Fondo Errano_T0_2023","T0",4.66
"2023-06-07 00:00:00","Fondo Errano_T0_2023","T0",0
"2023-06-08 00:00:00","Fondo Errano_T0_2023","T0",0
"2023-06-09 00:00:00","Fondo Errano_T0_2023","T0",3.46
"2023-06-10 00:00:00","Fondo Errano_T0_2023","T0",0
"2023-06-11 00:00:00","Fondo Errano_T0_2023","T0",1.656
"2023-06-12 00:00:00","Fondo Errano_T0_2023","T0",0.734
"2023-06-13 00:00:00","Fondo Errano_T0_2023","T0",0
"2023-06-14 00:00:00","Fondo Errano_T0_2023","T0",0
"2023-06-18 00:00:00","Fondo Errano_T0_2023","T0",4.0278
"2023-06-19 00:00:00","Fondo Errano_T0_2023","T0",4.851
"2023-06-20 00:00:00","Fondo Errano_T0_2023","T0",5.397
"2023-06-21 00:00:00","Fondo Errano_T0_2023","T0",11.4156
"2023-06-22 00:00:00","Fondo Errano_T0_2023","T0",10.0716
"2023-06-23 00:00:00","Fondo Errano_T0_2023","T0",11.7936
"2023-06-24 00:00:00","Fondo Errano_T0_2023","T0",9.82799999999999
"2023-06-25 00:00:00","Fondo Errano_T0_2023","T0",11.3148
"2023-06-26 00:00:00","Fondo Errano_T0_2023","T0",9.92039999999999
"2023-06-27 00:00:00","Fondo Errano_T0_2023","T0",11.1384
"2023-06-28 00:00:00","Fondo Errano_T0_2023","T0",10.0632
"2023-06-29 00:00:00","Fondo Errano_T0_2023","T0",10.0716
"2023-06-30 00:00:00","Fondo Errano_T0_2023","T0",10.1136
"2023-07-01 00:00:00","Fondo Errano_T0_2023","T0",9.8448
"2023-07-02 00:00:00","Fondo Errano_T0_2023","T0",9.89519999999999
"2023-07-03 00:00:00","Fondo Errano_T0_2023","T0",11.046
"2023-07-04 00:00:00","Fondo Errano_T0_2023","T0",10.7352
"2023-07-05 00:00:00","Fondo Errano_T0_2023","T0",10.8864
"2023-07-06 00:00:00","Fondo Errano_T0_2023","T0",10.6596
"2023-07-07 00:00:00","Fondo Errano_T0_2023","T0",9.8952
"2023-07-08 00:00:00","Fondo Errano_T0_2023","T0",10.794
"2023-07-09 00:00:00","Fondo Errano_T0_2023","T0",10.6932
"2023-07-10 00:00:00","Fondo Errano_T0_2023","T0",7.75319999999999
"2023-07-11 00:00:00","Fondo Errano_T0_2023","T0",12.6168
"2023-07-12 00:00:00","Fondo Errano_T0_2023","T0",12.2892
"2023-07-13 00:00:00","Fondo Errano_T0_2023","T0",0
"2023-07-14 00:00:00","Fondo Errano_T0_2023","T0",8.5176
"2023-07-15 00:00:00","Fondo Errano_T0_2023","T0",11.6088
"2023-07-16 00:00:00","Fondo Errano_T0_2023","T0",10.71
"2023-07-17 00:00:00","Fondo Errano_T0_2023","T0",11.7348
"2023-07-18 00:00:00","Fondo Errano_T0_2023","T0",11.6508
"2023-07-19 00:00:00","Fondo Errano_T0_2023","T0",12.8688
"2023-07-20 00:00:00","Fondo Errano_T0_2023","T0",11.7936
"2023-07-21 00:00:00","Fondo Errano_T0_2023","T0",11.8944
"2023-07-22 00:00:00","Fondo Errano_T0_2023","T0",11.97
"2023-07-23 00:00:00","Fondo Errano_T0_2023","T0",11.508
"2023-07-24 00:00:00","Fondo Errano_T0_2023","T0",11.2644
"2023-07-25 00:00:00","Fondo Errano_T0_2023","T0",8.8956
"2023-07-26 00:00:00","Fondo Errano_T0_2023","T0",9.7776
"2023-07-27 00:00:00","Fondo Errano_T0_2023","T0",9.6012
"2023-07-28 00:00:00","Fondo Errano_T0_2023","T0",10.1052
"2023-07-29 00:00:00","Fondo Errano_T0_2023","T0",9.66839999999999
"2023-07-30 00:00:00","Fondo Errano_T0_2023","T0",10.038
"2023-07-31 00:00:00","Fondo Errano_T0_2023","T0",10.0044
"2023-08-01 00:00:00","Fondo Errano_T0_2023","T0",9.6096
"2023-08-02 00:00:00","Fondo Errano_T0_2023","T0",9.618
"2023-08-03 00:00:00","Fondo Errano_T0_2023","T0",2.1084
"2023-08-04 00:00:00","Fondo Errano_T0_2023","T0",7.9044
"2023-08-05 00:00:00","Fondo Errano_T0_2023","T0",6.64439999999999
"2023-08-06 00:00:00","Fondo Errano_T0_2023","T0",7.70279999999999
"2023-08-07 00:00:00","Fondo Errano_T0_2023","T0",7.5852
"2023-08-08 00:00:00","Fondo Errano_T0_2023","T0",7.70279999999999
"2023-08-09 00:00:00","Fondo Errano_T0_2023","T0",7.7448
"2023-08-10 00:00:00","Fondo Errano_T0_2023","T0",9.22319999999999
"2023-08-11 00:00:00","Fondo Errano_T0_2023","T0",9.63479999999999
"2023-08-12 00:00:00","Fondo Errano_T0_2023","T0",9.78599999999999
"2023-08-13 00:00:00","Fondo Errano_T0_2023","T0",9.69359999999999
"2023-08-14 00:00:00","Fondo Errano_T0_2023","T0",11.508
"2023-08-15 00:00:00","Fondo Errano_T0_2023","T0",11.6592
"2023-08-16 00:00:00","Fondo Errano_T0_2023","T0",11.592
"2023-08-17 00:00:00","Fondo Errano_T0_2023","T0",11.3232
"2023-08-18 00:00:00","Fondo Errano_T0_2023","T0",9.46679999999999
"2023-08-19 00:00:00","Fondo Errano_T0_2023","T0",9.576
"2023-08-20 00:00:00","Fondo Errano_T0_2023","T0",11.7264
"2023-08-21 00:00:00","Fondo Errano_T0_2023","T0",9.2064
"2023-08-22 00:00:00","Fondo Errano_T0_2023","T0",10.9032
"2023-08-23 00:00:00","Fondo Errano_T0_2023","T0",9.84479999999999
"2023-08-24 00:00:00","Fondo Errano_T0_2023","T0",10.2228
"2023-08-25 00:00:00","Fondo Errano_T0_2023","T0",9.81959999999999
"2023-08-26 00:00:00","Fondo Errano_T0_2023","T0",9.81959999999999
"2023-08-27 00:00:00","Fondo Errano_T0_2023","T0",9.84479999999999
"2023-08-28 00:00:00","Fondo Errano_T0_2023","T0",9.4836
"2023-08-29 00:00:00","Fondo Errano_T0_2023","T0",9.22319999999999
"2023-08-30 00:00:00","Fondo Errano_T0_2023","T0",9.78599999999999
"2023-08-31 00:00:00","Fondo Errano_T0_2023","T0",9.4668
"2023-09-01 00:00:00","Fondo Errano_T0_2023","T0",9.786
"2023-09-02 00:00:00","Fondo Errano_T0_2023","T0",10.3992
"2023-09-03 00:00:00","Fondo Errano_T0_2023","T0",10.0716
"2023-09-04 00:00:00","Fondo Errano_T0_2023","T0",9.9876
"2023-09-05 00:00:00","Fondo Errano_T0_2023","T0",9.828
"2023-09-06 00:00:00","Fondo Errano_T0_2023","T0",9.87839999999999
"2023-09-07 00:00:00","Fondo Errano_T0_2023","T0",10.0716
"2023-09-08 00:00:00","Fondo Errano_T0_2023","T0",9.744
"2023-09-09 00:00:00","Fondo Errano_T0_2023","T0",9.67679999999999
"2023-09-10 00:00:00","Fondo Errano_T0_2023","T0",9.7272
"2023-09-11 00:00:00","Fondo Errano_T0_2023","T0",9.73559999999999
"2023-09-12 00:00:00","Fondo Errano_T0_2023","T0",9.8112
"2023-09-13 00:00:00","Fondo Errano_T0_2023","T0",9.62639999999999
"2023-09-14 00:00:00","Fondo Errano_T0_2023","T0",9.7944
"2023-09-15 00:00:00","Fondo Errano_T0_2023","T0",7.75319999999999
"2023-09-16 00:00:00","Fondo Errano_T0_2023","T0",7.75319999999999
"2023-09-17 00:00:00","Fondo Errano_T0_2023","T0",7.6776
"2023-09-18 00:00:00","Fondo Errano_T0_2023","T0",7.6692
"2023-09-19 00:00:00","Fondo Errano_T0_2023","T0",8.0052
"2023-09-20 00:00:00","Fondo Errano_T0_2023","T0",0
"2023-09-21 00:00:00","Fondo Errano_T0_2023","T0",7.77
"2023-09-22 00:00:00","Fondo Errano_T0_2023","T0",4.9056
"2023-09-23 00:00:00","Fondo Errano_T0_2023","T0",5.8212
"2023-09-24 00:00:00","Fondo Errano_T0_2023","T0",5.5272
"2023-09-25 00:00:00","Fondo Errano_T0_2023","T0",0
"2023-09-26 00:00:00","Fondo Errano_T0_2023","T0",5.80439999999999
"2023-09-27 00:00:00","Fondo Errano_T0_2023","T0",0
"2023-09-28 00:00:00","Fondo Errano_T0_2023","T0",5.82119999999999
"2023-09-29 00:00:00","Fondo Errano_T0_2023","T0",0
"2023-09-30 00:00:00","Fondo Errano_T0_2023","T0",5.754
"2023-10-01 00:00:00","Fondo Errano_T0_2023","T0",5.754
"2023-10-02 00:00:00","Fondo Errano_T0_2023","T0",5.79599999999999
"2023-10-03 00:00:00","Fondo Errano_T0_2023","T0",0
"2023-10-04 00:00:00","Fondo Errano_T0_2023","T0",5.754
"2023-10-05 00:00:00","Fondo Errano_T0_2023","T0",5.9976
"2023-10-06 00:00:00","Fondo Errano_T0_2023","T0",5.7456
"2023-10-07 00:00:00","Fondo Errano_T0_2023","T0",5.628
"2023-10-08 00:00:00","Fondo Errano_T0_2023","T0",5.6028
"2023-10-09 00:00:00","Fondo Errano_T0_2023","T0",5.6364
"2023-10-10 00:00:00","Fondo Errano_T0_2023","T0",0.0084
"2023-10-11 00:00:00","Fondo Errano_T0_2023","T0",2.7132
"2023-10-12 00:00:00","Fondo Errano_T0_2023","T0",4.5276
"2023-10-13 00:00:00","Fondo Errano_T0_2023","T0",0
"2023-10-14 00:00:00","Fondo Errano_T0_2023","T0",0
"2023-10-15 00:00:00","Fondo Errano_T0_2023","T0",4.8132
"2023-10-16 00:00:00","Fondo Errano_T0_2023","T0",0
"2023-10-17 00:00:00","Fondo Errano_T0_2023","T0",0
"2023-10-18 00:00:00","Fondo Errano_T0_2023","T0",0
"2023-10-19 00:00:00","Fondo Errano_T0_2023","T0",0
"2023-10-20 00:00:00","Fondo Errano_T0_2023","T0",5.2836
"2023-10-21 00:00:00","Fondo Errano_T0_2023","T0",0
"2023-10-22 00:00:00","Fondo Errano_T0_2023","T0",0
"2023-10-23 00:00:00","Fondo Errano_T0_2023","T0",6.5688
"2023-10-24 00:00:00","Fondo Errano_T0_2023","T0",0
"2023-10-25 00:00:00","Fondo Errano_T0_2023","T0",0
"2023-10-26 00:00:00","Fondo Errano_T0_2023","T0",0
"2023-10-27 00:00:00","Fondo Errano_T0_2023","T0",0
"2023-10-28 00:00:00","Fondo Errano_T0_2023","T0",5.8296
"2023-10-29 00:00:00","Fondo Errano_T0_2023","T0",0
"2023-10-30 00:00:00","Fondo Errano_T0_2023","T0",0.0084
"2023-10-31 00:00:00","Fondo Errano_T0_2023","T0",0
"2024-04-14 00:00:00","Fondo Errano_T0_2024","T0",0
"2024-04-20 00:00:00","Fondo Errano_T0_2024","T0",0
"2024-04-21 00:00:00","Fondo Errano_T0_2024","T0",0
"2024-04-22 00:00:00","Fondo Errano_T0_2024","T0",0
"2024-04-23 00:00:00","Fondo Errano_T0_2024","T0",0
"2024-04-24 00:00:00","Fondo Errano_T0_2024","T0",0
"2024-04-25 00:00:00","Fondo Errano_T0_2024","T0",0
"2024-04-26 00:00:00","Fondo Errano 2024","T0",0
"2024-04-27 00:00:00","Fondo Errano 2024","T0",0
"2024-04-28 00:00:00","Fondo Errano 2024","T0",0
"2024-04-29 00:00:00","Fondo Errano 2024","T0",5.2584
"2024-04-30 00:00:00","Fondo Errano 2024","T0",6.1908
"2024-05-01 00:00:00","Fondo Errano 2024","T0",0
"2024-05-02 00:00:00","Fondo Errano 2024","T0",0
"2024-05-03 00:00:00","Fondo Errano 2024","T0",0
"2024-05-04 00:00:00","Fondo Errano 2024","T0",0
"2024-05-05 00:00:00","Fondo Errano 2024","T0",0
"2024-05-06 00:00:00","Fondo Errano 2024","T0",0
"2024-05-07 00:00:00","Fondo Errano 2024","T0",6.6444
"2024-05-08 00:00:00","Fondo Errano 2024","T0",0
"2024-05-09 00:00:00","Fondo Errano 2024","T0",0
"2024-05-10 00:00:00","Fondo Errano 2024","T0",0
"2024-05-11 00:00:00","Fondo Errano 2024","T0",0
"2024-05-12 00:00:00","Fondo Errano 2024","T0",5.9892
"2024-05-13 00:00:00","Fondo Errano 2024","T0",0
"2024-05-14 00:00:00","Fondo Errano 2024","T0",0
"2024-05-15 00:00:00","Fondo Errano 2024","T0",6.3168
"2024-05-16 00:00:00","Fondo Errano 2024","T0",0
"2024-05-17 00:00:00","Fondo Errano 2024","T0",0
"2024-05-18 00:00:00","Fondo Errano 2024","T0",0
"2024-05-19 00:00:00","Fondo Errano 2024","T0",0
"2024-05-20 00:00:00","Fondo Errano 2024","T0",0.0084
"2024-05-21 00:00:00","Fondo Errano 2024","T0",0.0084
"2024-05-22 00:00:00","Fondo Errano 2024","T0",6.8544
"2024-05-23 00:00:00","Fondo Errano 2024","T0",0.0168
"2024-05-24 00:00:00","Fondo Errano 2024","T0",1.0752
"2024-05-25 00:00:00","Fondo Errano 2024","T0",0
"2024-05-26 00:00:00","Fondo Errano 2024","T0",0
"2024-05-27 00:00:00","Fondo Errano 2024","T0",0
"2024-05-28 00:00:00","Fondo Errano 2024","T0",8.1648
"2024-05-29 00:00:00","Fondo Errano 2024","T0",0
"2024-05-30 00:00:00","Fondo Errano 2024","T0",4.9308
"2024-05-31 00:00:00","Fondo Errano 2024","T0",0
"2024-06-01 00:00:00","Fondo Errano 2024","T0",0
"2024-06-02 00:00:00","Fondo Errano 2024","T0",7.88
"2024-06-03 00:00:00","Fondo Errano 2024","T0",0
"2024-06-04 00:00:00","Fondo Errano 2024","T0",0.08
"2024-06-05 00:00:00","Fondo Errano 2024","T0",7.17
"2024-06-06 00:00:00","Fondo Errano 2024","T0",10.59
"2024-06-07 00:00:00","Fondo Errano 2024","T0",7.05
"2024-06-08 00:00:00","Fondo Errano 2024","T0",11.84
"2024-06-09 00:00:00","Fondo Errano 2024","T0",5.9
"2024-06-10 00:00:00","Fondo Errano 2024","T0",10.23
"2024-06-11 00:00:00","Fondo Errano 2024","T0",12
"2024-06-12 00:00:00","Fondo Errano 2024","T0",11.16
"2024-06-13 00:00:00","Fondo Errano 2024","T0",7.88
"2024-06-14 00:00:00","Fondo Errano 2024","T0",9.71
"2024-06-15 00:00:00","Fondo Errano 2024","T0",11.32
"2024-06-16 00:00:00","Fondo Errano 2024","T0",11.19
"2024-06-17 00:00:00","Fondo Errano 2024","T0",11.31
"2024-06-18 00:00:00","Fondo Errano 2024","T0",13.77
"2024-06-19 00:00:00","Fondo Errano 2024","T0",13.61
"2024-06-20 00:00:00","Fondo Errano 2024","T0",13.47
"2024-06-21 00:00:00","Fondo Errano 2024","T0",13.64
"2024-06-22 00:00:00","Fondo Errano 2024","T0",13.77
"2024-06-23 00:00:00","Fondo Errano 2024","T0",11.96
"2024-06-24 00:00:00","Fondo Errano 2024","T0",0
"2024-06-25 00:00:00","Fondo Errano 2024","T0",0.01
"2024-06-26 00:00:00","Fondo Errano 2024","T0",0
"2024-06-27 00:00:00","Fondo Errano 2024","T0",7.91
"2024-06-28 00:00:00","Fondo Errano 2024","T0",11.19
"2024-06-29 00:00:00","Fondo Errano 2024","T0",12.54
"2024-06-30 00:00:00","Fondo Errano 2024","T0",12.48
"2024-07-01 00:00:00","Fondo Errano 2024","T0",12.17
"2024-07-02 00:00:00","Fondo Errano 2024","T0",10.71
"2024-07-03 00:00:00","Fondo Errano 2024","T0",10.61
"2024-07-04 00:00:00","Fondo Errano 2024","T0",10.11
"2024-07-05 00:00:00","Fondo Errano 2024","T0",10.89
"2024-07-06 00:00:00","Fondo Errano 2024","T0",10.15
"2024-07-07 00:00:00","Fondo Errano 2024","T0",10.86
"2024-07-08 00:00:00","Fondo Errano 2024","T0",10.11
"2024-07-09 00:00:00","Fondo Errano 2024","T0",11.26
"2024-07-10 00:00:00","Fondo Errano 2024","T0",12.38
"2024-07-11 00:00:00","Fondo Errano 2024","T0",13.95
"2024-07-12 00:00:00","Fondo Errano 2024","T0",13.77
"2024-07-13 00:00:00","Fondo Errano 2024","T0",13.67
"2024-07-14 00:00:00","Fondo Errano 2024","T0",13.33
"2024-07-15 00:00:00","Fondo Errano 2024","T0",11
"2024-07-16 00:00:00","Fondo Errano 2024","T0",12.1
"2024-07-17 00:00:00","Fondo Errano 2024","T0",13.4
"2024-07-18 00:00:00","Fondo Errano 2024","T0",13.16
"2024-07-19 00:00:00","Fondo Errano 2024","T0",12.87
"2024-07-20 00:00:00","Fondo Errano 2024","T0",10.47
"2024-07-21 00:00:00","Fondo Errano 2024","T0",10
"2024-07-22 00:00:00","Fondo Errano 2024","T0",10.81
"2024-07-23 00:00:00","Fondo Errano 2024","T0",10.89
"2024-07-24 00:00:00","Fondo Errano 2024","T0",10.86
"2024-07-25 00:00:00","Fondo Errano 2024","T0",9.84
"2024-07-26 00:00:00","Fondo Errano 2024","T0",9.94
"2024-07-27 00:00:00","Fondo Errano 2024","T0",9.4
"2024-07-28 00:00:00","Fondo Errano 2024","T0",9.47
"2024-07-29 00:00:00","Fondo Errano 2024","T0",7.4
"2024-07-30 00:00:00","Fondo Errano 2024","T0",7.05
"2024-07-31 00:00:00","Fondo Errano 2024","T0",13.61
"2024-08-01 00:00:00","Fondo Errano 2024","T0",13.38
"2024-08-02 00:00:00","Fondo Errano 2024","T0",13.06
"2024-08-03 00:00:00","Fondo Errano 2024","T0",4.06
"2024-08-04 00:00:00","Fondo Errano 2024","T0",8.62
"2024-08-05 00:00:00","Fondo Errano 2024","T0",8.04
"2024-08-06 00:00:00","Fondo Errano 2024","T0",8.11
"2024-08-07 00:00:00","Fondo Errano 2024","T0",8.81
"2024-08-08 00:00:00","Fondo Errano 2024","T0",0.24
"2024-08-09 00:00:00","Fondo Errano 2024","T0",10.72
"2024-08-10 00:00:00","Fondo Errano 2024","T0",10.37
"2024-08-11 00:00:00","Fondo Errano 2024","T0",10.84
"2024-08-12 00:00:00","Fondo Errano 2024","T0",10.74
"2024-08-13 00:00:00","Fondo Errano 2024","T0",9.75
"2024-08-14 00:00:00","Fondo Errano 2024","T0",9.78
"2024-08-15 00:00:00","Fondo Errano 2024","T0",7.24
"2024-08-16 00:00:00","Fondo Errano 2024","T0",4.75
"2024-08-17 00:00:00","Fondo Errano 2024","T0",10.03
"2024-08-18 00:00:00","Fondo Errano 2024","T0",0
"2024-08-19 00:00:00","Fondo Errano 2024","T0",0
"2024-08-20 00:00:00","Fondo Errano 2024","T0",0
"2024-08-21 00:00:00","Fondo Errano 2024","T0",0.01
"2024-08-22 00:00:00","Fondo Errano 2024","T0",0
"2024-08-23 00:00:00","Fondo Errano 2024","T0",7.01
"2024-08-24 00:00:00","Fondo Errano 2024","T0",4.63
"2024-08-25 00:00:00","Fondo Errano 2024","T0",4.3
"2024-08-26 00:00:00","Fondo Errano 2024","T0",6.07
"2024-08-27 00:00:00","Fondo Errano 2024","T0",7.65
"2024-08-28 00:00:00","Fondo Errano 2024","T0",6.54
"2024-08-29 00:00:00","Fondo Errano 2024","T0",6.92
"2024-08-30 00:00:00","Fondo Errano 2024","T0",8.4
"2024-08-31 00:00:00","Fondo Errano 2024","T0",9.86
"2024-09-01 00:00:00","Fondo Errano 2024","T0",9.46
"2024-09-02 00:00:00","Fondo Errano 2024","T0",9.19
"2024-09-03 00:00:00","Fondo Errano 2024","T0",9.59
"2024-09-04 00:00:00","Fondo Errano 2024","T0",9.47
"2024-09-05 00:00:00","Fondo Errano 2024","T0",9.57
"2024-09-06 00:00:00","Fondo Errano 2024","T0",9.76
"2024-09-07 00:00:00","Fondo Errano 2024","T0",9.71
"2024-09-08 00:00:00","Fondo Errano 2024","T0",6.88
"2024-09-09 00:00:00","Fondo Errano 2024","T0",0
"2024-09-10 00:00:00","Fondo Errano 2024","T0",0.01
"2024-09-11 00:00:00","Fondo Errano 2024","T0",0
"2024-09-12 00:00:00","Fondo Errano 2024","T0",0
"2024-09-13 00:00:00","Fondo Errano 2024","T0",0
"2024-09-14 00:00:00","Fondo Errano 2024","T0",0
"2024-09-15 00:00:00","Fondo Errano 2024","T0",0
"2024-09-16 00:00:00","Fondo Errano 2024","T0",0
"2024-09-17 00:00:00","Fondo Errano 2024","T0",0.01
"2024-09-18 00:00:00","Fondo Errano 2024","T0",0
"2024-09-19 00:00:00","Fondo Errano 2024","T0",0
"2024-09-20 00:00:00","Fondo Errano 2024","T0",0.01
"2024-09-21 00:00:00","Fondo Errano 2024","T0",0
"2024-09-22 00:00:00","Fondo Errano 2024","T0",0
"2024-09-23 00:00:00","Fondo Errano 2024","T0",0
"2024-09-24 00:00:00","Fondo Errano 2024","T0",0
"2024-09-25 00:00:00","Fondo Errano 2024","T0",0
"2024-09-26 00:00:00","Fondo Errano 2024","T0",0
"2024-09-27 00:00:00","Fondo Errano 2024","T0",0
"2024-09-28 00:00:00","Fondo Errano 2024","T0",0
"2024-09-29 00:00:00","Fondo Errano 2024","T0",0
"2024-09-30 00:00:00","Fondo Errano 2024","T0",0
"2024-10-01 00:00:00","Fondo Errano 2024","T0",0
"2024-10-02 00:00:00","Fondo Errano 2024","T0",0
"2024-10-03 00:00:00","Fondo Errano 2024","T0",0
"2024-10-04 00:00:00","Fondo Errano 2024","T0",0
"2024-10-05 00:00:00","Fondo Errano 2024","T0",0
"2024-10-06 00:00:00","Fondo Errano 2024","T0",0
"2024-10-07 00:00:00","Fondo Errano 2024","T0",0
"2024-10-08 00:00:00","Fondo Errano 2024","T0",0
"2024-10-09 00:00:00","Fondo Errano 2024","T0",0
"2024-10-10 00:00:00","Fondo Errano 2024","T0",0
"2024-10-11 00:00:00","Fondo Errano 2024","T0",0
"2024-10-12 00:00:00","Fondo Errano 2024","T0",0
"2024-10-13 00:00:00","Fondo Errano 2024","T0",0
"2024-10-14 00:00:00","Fondo Errano 2024","T0",0
"2024-10-15 00:00:00","Fondo Errano 2024","T0",0
"2024-10-18 00:00:00","Fondo Errano 2024","T0",0
"2024-10-19 00:00:00","Fondo Errano 2024","T0",0
"2024-10-20 00:00:00","Fondo Errano 2024","T0",0
"2024-10-21 00:00:00","Fondo Errano 2024","T0",0
"2024-10-23 00:00:00","Fondo Errano 2024","T0",0
"2024-10-24 00:00:00","Fondo Errano 2024","T0",0
"2024-10-25 00:00:00","Fondo Errano 2024","T0",2.06
"2024-10-26 00:00:00","Fondo Errano 2024","T0",0
"2024-10-27 00:00:00","Fondo Errano 2024","T0",0
"2024-10-28 00:00:00","Fondo Errano 2024","T0",0
"2024-10-29 00:00:00","Fondo Errano 2024","T0",0
"2024-10-30 00:00:00","Fondo Errano 2024","T0",0
"2024-10-31 00:00:00","Fondo Errano 2024","T0",0
"2024-11-01 00:00:00","Fondo Errano 2024","T0",0
"2024-11-02 00:00:00","Fondo Errano 2024","T0",0
"2024-11-03 00:00:00","Fondo Errano 2024","T0",0
"2024-11-04 00:00:00","Fondo Errano 2024","T0",0
"2024-11-05 00:00:00","Fondo Errano 2024","T0",0
"2024-11-06 00:00:00","Fondo Errano 2024","T0",0
"2024-11-07 00:00:00","Fondo Errano 2024","T0",0
"2024-11-08 00:00:00","Fondo Errano 2024","T0",0
"2024-11-09 00:00:00","Fondo Errano 2024","T0",0
"2024-11-10 00:00:00","Fondo Errano 2024","T0",0
"2024-11-11 00:00:00","Fondo Errano 2024","T0",0
"2024-11-12 00:00:00","Fondo Errano 2024","T0",0
"2024-11-13 00:00:00","Fondo Errano 2024","T0",0
"2024-11-14 00:00:00","Fondo Errano 2024","T0",0
"2024-11-15 00:00:00","Fondo Errano 2024","T0",0
"2024-11-16 00:00:00","Fondo Errano 2024","T0",0
"2024-11-17 00:00:00","Fondo Errano 2024","T0",0
"2024-11-18 00:00:00","Fondo Errano 2024","T0",0
"2024-11-19 00:00:00","Fondo Errano 2024","T0",0
"2024-11-20 00:00:00","Fondo Errano 2024","T0",0
"2024-11-21 00:00:00","Fondo Errano 2024","T0",0
"2024-11-22 00:00:00","Fondo Errano 2024","T0",0
"2024-11-23 00:00:00","Fondo Errano 2024","T0",0
"2024-11-24 00:00:00","Fondo Errano 2024","T0",0
"2024-11-25 00:00:00","Fondo Errano 2024","T0",0
"2024-11-26 00:00:00","Fondo Errano 2024","T0",0
"2024-11-27 00:00:00","Fondo Errano 2024","T0",0
"2024-11-28 00:00:00","Fondo Errano 2024","T0",0
"2024-11-29 00:00:00","Fondo Errano 2024","T0",0
"2024-12-01 00:00:00","Fondo Errano 2024","T0",0
"2024-12-02 00:00:00","Fondo Errano 2024","T0",0
"2025-04-23 00:00:00","Fondo Errano 2025","T0",11.36
"2025-04-24 00:00:00","Fondo Errano 2025","T0",0
"2025-04-25 00:00:00","Fondo Errano 2025","T0",0
"2025-04-26 00:00:00","Fondo Errano 2025","T0",0
"2025-04-27 00:00:00","Fondo Errano 2025","T0",0
"2025-04-28 00:00:00","Fondo Errano 2025","T0",0
"2025-04-29 00:00:00","Fondo Errano 2025","T0",10.1
"2025-04-30 00:00:00","Fondo Errano 2025","T0",5.8
"2025-05-01 00:00:00","Fondo Errano 2025","T0",0
"2025-05-02 00:00:00","Fondo Errano 2025","T0",5.95
"2025-05-03 00:00:00","Fondo Errano 2025","T0",0
"2025-05-04 00:00:00","Fondo Errano 2025","T0",15.69
"2025-05-05 00:00:00","Fondo Errano 2025","T0",0
"2025-05-06 00:00:00","Fondo Errano 2025","T0",0
"2025-05-07 00:00:00","Fondo Errano 2025","T0",0
"2025-05-08 00:00:00","Fondo Errano 2025","T0",0
"2025-05-09 00:00:00","Fondo Errano 2025","T0",0
"2025-05-10 00:00:00","Fondo Errano 2025","T0",8.5
"2025-05-11 00:00:00","Fondo Errano 2025","T0",0
"2025-05-12 00:00:00","Fondo Errano 2025","T0",0
"2025-05-13 00:00:00","Fondo Errano 2025","T0",0
"2025-05-14 00:00:00","Fondo Errano 2025","T0",7.92
"2025-05-15 00:00:00","Fondo Errano 2025","T0",2.75999999999999
"2025-05-16 00:00:00","Fondo Errano 2025","T0",0
"2025-05-17 00:00:00","Fondo Errano 2025","T0",0
"2025-05-18 00:00:00","Fondo Errano 2025","T0",0
"2025-05-19 00:00:00","Fondo Errano 2025","T0",6.38000000000002
"2025-05-20 00:00:00","Fondo Errano 2025","T0",1.47
"2025-05-21 00:00:00","Fondo Errano 2025","T0",0
"2025-05-22 00:00:00","Fondo Errano 2025","T0",0
"2025-05-23 00:00:00","Fondo Errano 2025","T0",0
"2025-05-24 00:00:00","Fondo Errano 2025","T0",0
"2025-05-25 00:00:00","Fondo Errano 2025","T0",9.34999999999999
"2025-05-26 00:00:00","Fondo Errano 2025","T0",0
"2025-05-27 00:00:00","Fondo Errano 2025","T0",0
"2025-05-28 00:00:00","Fondo Errano 2025","T0",0
"2025-05-29 00:00:00","Fondo Errano 2025","T0",7.12000000000001
"2025-05-30 00:00:00","Fondo Errano 2025","T0",0.00999999999999091
"2025-05-31 00:00:00","Fondo Errano 2025","T0",10.6
"2025-06-01 00:00:00","Fondo Errano 2025","T0",0
"2025-06-02 00:00:00","Fondo Errano 2025","T0",8.43
"2025-06-03 00:00:00","Fondo Errano 2025","T0",10.9
"2025-06-04 00:00:00","Fondo Errano 2025","T0",0
"2025-06-05 00:00:00","Fondo Errano 2025","T0",7.69
"2025-06-06 00:00:00","Fondo Errano 2025","T0",12.74
"2025-06-07 00:00:00","Fondo Errano 2025","T0",6.35999999999997
"2025-06-08 00:00:00","Fondo Errano 2025","T0",6.41000000000001
"2025-06-09 00:00:00","Fondo Errano 2025","T0",6.23999999999997
"2025-06-10 00:00:00","Fondo Errano 2025","T0",11.62
"2025-06-11 00:00:00","Fondo Errano 2025","T0",0.409999999999996
"2025-06-12 00:00:00","Fondo Errano 2025","T0",9.00000000000001
"2025-06-13 00:00:00","Fondo Errano 2025","T0",4.99
"2025-06-14 00:00:00","Fondo Errano 2025","T0",12.48
"2025-06-15 00:00:00","Fondo Errano 2025","T0",7.65999999999999
"2025-06-16 00:00:00","Fondo Errano 2025","T0",0.210000000000008
"2025-06-17 00:00:00","Fondo Errano 2025","T0",0
"2025-06-18 00:00:00","Fondo Errano 2025","T0",0
"2025-06-19 00:00:00","Fondo Errano 2025","T0",8.91999999999999
"2025-06-20 00:00:00","Fondo Errano 2025","T0",3.83999999999997
"2025-06-21 00:00:00","Fondo Errano 2025","T0",0
"2025-06-22 00:00:00","Fondo Errano 2025","T0",11.05
"2025-06-23 00:00:00","Fondo Errano 2025","T0",0.00999999999999091
"2025-06-24 00:00:00","Fondo Errano 2025","T0",11.01
"2025-06-25 00:00:00","Fondo Errano 2025","T0",5.17999999999997
"2025-06-26 00:00:00","Fondo Errano 2025","T0",3.74000000000001
"2025-06-27 00:00:00","Fondo Errano 2025","T0",4.14000000000002
"2025-06-28 00:00:00","Fondo Errano 2025","T0",2.34
"2025-06-29 00:00:00","Fondo Errano 2025","T0",2.42999999999998
"2025-06-30 00:00:00","Fondo Errano 2025","T0",11.17
"2025-07-01 00:00:00","Fondo Errano 2025","T0",8.82000000000001
"2025-07-02 00:00:00","Fondo Errano 2025","T0",2.25
"2025-07-03 00:00:00","Fondo Errano 2025","T0",6.86000000000002
"2025-07-04 00:00:00","Fondo Errano 2025","T0",4.71999999999997
"2025-07-05 00:00:00","Fondo Errano 2025","T0",0
"2025-07-06 00:00:00","Fondo Errano 2025","T0",0
"2025-07-07 00:00:00","Fondo Errano 2025","T0",0
"2025-07-08 00:00:00","Fondo Errano 2025","T0",4.60000000000002
"2025-07-09 00:00:00","Fondo Errano 2025","T0",0
"2025-07-10 00:00:00","Fondo Errano 2025","T0",8.89999999999996
"2025-07-11 00:00:00","Fondo Errano 2025","T0",10.24
"2025-07-12 00:00:00","Fondo Errano 2025","T0",10.43
"2025-07-13 00:00:00","Fondo Errano 2025","T0",6.94
"2025-07-14 00:00:00","Fondo Errano 2025","T0",9.19
"2025-07-15 00:00:00","Fondo Errano 2025","T0",7.43000000000001
"2025-07-16 00:00:00","Fondo Errano 2025","T0",10.08
"2025-07-17 00:00:00","Fondo Errano 2025","T0",5.66000000000002
"2025-07-18 00:00:00","Fondo Errano 2025","T0",3.50999999999999
"2025-07-19 00:00:00","Fondo Errano 2025","T0",7.94000000000001
"2025-07-20 00:00:00","Fondo Errano 2025","T0",0
"2025-07-21 00:00:00","Fondo Errano 2025","T0",9.39999999999995
"2025-07-22 00:00:00","Fondo Errano 2025","T0",9.40000000000003
"2025-07-23 00:00:00","Fondo Errano 2025","T0",14.4
"2025-07-24 00:00:00","Fondo Errano 2025","T0",9.29000000000001
"2025-07-25 00:00:00","Fondo Errano 2025","T0",5.07999999999998
"2025-07-26 00:00:00","Fondo Errano 2025","T0",0
"2025-07-27 00:00:00","Fondo Errano 2025","T0",0
"2025-07-28 00:00:00","Fondo Errano 2025","T0",0
"2025-07-29 00:00:00","Fondo Errano 2025","T0",0
"2025-07-30 00:00:00","Fondo Errano 2025","T0",0
"2025-07-31 00:00:00","Fondo Errano 2025","T0",0
"2025-08-01 00:00:00","Fondo Errano 2025","T0",4.96000000000003
"2025-08-02 00:00:00","Fondo Errano 2025","T0",0
"2025-08-03 00:00:00","Fondo Errano 2025","T0",0
"2025-08-04 00:00:00","Fondo Errano 2025","T0",0
"2025-08-05 00:00:00","Fondo Errano 2025","T0",2.59999999999997
"2025-08-06 00:00:00","Fondo Errano 2025","T0",0
"2025-08-07 00:00:00","Fondo Errano 2025","T0",6.53000000000002
"2025-08-08 00:00:00","Fondo Errano 2025","T0",7.35999999999995
"2025-08-09 00:00:00","Fondo Errano 2025","T0",4.33000000000004
"2025-08-10 00:00:00","Fondo Errano 2025","T0",9.18000000000001
"2025-08-11 00:00:00","Fondo Errano 2025","T0",9.51999999999997
"2025-08-12 00:00:00","Fondo Errano 2025","T0",1.14999999999998
"2025-08-13 00:00:00","Fondo Errano 2025","T0",4.62000000000001
"2025-08-14 00:00:00","Fondo Errano 2025","T0",0.24000000000001
"2025-08-15 00:00:00","Fondo Errano 2025","T0",5.19999999999999
"2025-08-16 00:00:00","Fondo Errano 2025","T0",8.49000000000001
"2025-08-17 00:00:00","Fondo Errano 2025","T0",8.57000000000001
"2025-08-18 00:00:00","Fondo Errano 2025","T0",0.460000000000037
"2025-08-19 00:00:00","Fondo Errano 2025","T0",0
"2025-08-20 00:00:00","Fondo Errano 2025","T0",0
"2025-08-21 00:00:00","Fondo Errano 2025","T0",0
"2025-08-22 00:00:00","Fondo Errano 2025","T0",0
"2025-08-23 00:00:00","Fondo Errano 2025","T0",0
"2025-08-24 00:00:00","Fondo Errano 2025","T0",0
"2025-08-25 00:00:00","Fondo Errano 2025","T0",0
"2025-08-26 00:00:00","Fondo Errano 2025","T0",0
"2025-08-27 00:00:00","Fondo Errano 2025","T0",0.409999999999968
"2025-08-28 00:00:00","Fondo Errano 2025","T0",2.18
"2025-08-29 00:00:00","Fondo Errano 2025","T0",0.120000000000005
"2025-08-30 00:00:00","Fondo Errano 2025","T0",0
"2025-08-31 00:00:00","Fondo Errano 2025","T0",0
"2025-09-01 00:00:00","Fondo Errano 2025","T0",4.71999999999997
"2025-09-02 00:00:00","Fondo Errano 2025","T0",0
"2025-09-03 00:00:00","Fondo Errano 2025","T0",0
"2025-09-04 00:00:00","Fondo Errano 2025","T0",3.84000000000004
"2025-09-05 00:00:00","Fondo Errano 2025","T0",0.110000000000014
"2025-09-06 00:00:00","Fondo Errano 2025","T0",6.74999999999999
"2025-09-07 00:00:00","Fondo Errano 2025","T0",6.92999999999994
"2025-09-08 00:00:00","Fondo Errano 2025","T0",1.87
"2025-09-09 00:00:00","Fondo Errano 2025","T0",0
"2025-09-10 00:00:00","Fondo Errano 2025","T0",0
"2025-09-11 00:00:00","Fondo Errano 2025","T0",0
"2025-09-12 00:00:00","Fondo Errano 2025","T0",0
"2025-09-13 00:00:00","Fondo Errano 2025","T0",0
"2025-09-14 00:00:00","Fondo Errano 2025","T0",3.88999999999999
"2025-09-15 00:00:00","Fondo Errano 2025","T0",5.99000000000001
"2025-09-16 00:00:00","Fondo Errano 2025","T0",0
"2025-09-17 00:00:00","Fondo Errano 2025","T0",0
"2025-09-18 00:00:00","Fondo Errano 2025","T0",4.16000000000008
"2025-09-19 00:00:00","Fondo Errano 2025","T0",3.75
"2025-09-20 00:00:00","Fondo Errano 2025","T0",6.55999999999994
"2025-09-21 00:00:00","Fondo Errano 2025","T0",3.61000000000002
"2025-09-22 00:00:00","Fondo Errano 2025","T0",0
"2025-09-23 00:00:00","Fondo Errano 2025","T0",2.25999999999999
"2025-09-24 00:00:00","Fondo Errano 2025","T0",0
"2025-09-25 00:00:00","Fondo Errano 2025","T0",3.96000000000004
"2025-09-26 00:00:00","Fondo Errano 2025","T0",0
"2025-09-27 00:00:00","Fondo Errano 2025","T0",2.76999999999998
"2025-09-28 00:00:00","Fondo Errano 2025","T0",0
"2025-09-29 00:00:00","Fondo Errano 2025","T0",0
"2025-09-30 00:00:00","Fondo Errano 2025","T0",0
"2025-10-01 00:00:00","Fondo Errano 2025","T0",0
"2025-10-02 00:00:00","Fondo Errano 2025","T0",0
"2025-10-03 00:00:00","Fondo Errano 2025","T0",0
